materia,grado,periodo,tema
Educación Artística y cultural,1°,,"Exploración en el arte

Danzas:
Juegos de movimiento, expresión de emociones con el cuerpo, secuencias básicas de danza. 
danza zoomorfo y antropomorfo 

Reconocimiento del cuerpo y sus posibilidades de movimiento.
Coordinación motriz básica y desplazamientos.
Ritmo corporal mediante juegos y rondas danzadas."
Educación Artística y cultural,1°,,"Exploración en el arte

Artes Plásticas:
• Creaciones navideñas: Explorando el color y la decoración a través del arte navideño.
• Colores y mezclas: Comprendiendo el círculo cromático y los colores primarios/secundarios.
• Líneas y formas en la naturaleza: Creando obras inspiradas en animales, paisajes y formas naturales.
• Técnicas artísticas: Experimentando con el puntillismo, la acuarela y diferentes texturas.

Garabato controlado.
Dáctilo pintura.
Rasgado y pegado.
Modelado con plastilina.
Coloreado y dibujo libre."
Educación Artística y cultural,1°,,"Exploración en el arte

Música:
Reconocimiento de sonidos del entorno, ritmo corporal, canciones infantiles, silencio y timbre."
Educación Artística y cultural,2°,,"Exploración en el arte

Danzas:
Juegos dramáticos, movimientos inspirados en animales y fenómenos naturales, creación de personajes y mini-escenas. 
Niveles y direcciones del movimiento corporal.
Coordinación rítmica con música y percusión corporal.
Secuencias básicas de movimiento y expresión corporal."
Educación Artística y cultural,2°,,"Exploración en el arte

Artes Plásticas:
• Creaciones navideñas: Usar el color y la forma para crear obras festivas.
• Técnicas artísticas: Explorar el puntillismo, el collage y la textura.
• Dibujo de la figura humana: Comprender y representar el cuerpo a través del arte.
• Movimiento y expresión: Crear siluetas inspiradas en Keith Haring.

Collage.
Estampación.
Pintura con témpera.
Modelado sencillo."
Educación Artística y cultural,2°,,"Exploración en el arte

Música:
Patrones rítmicos simples, instrumentos de percusión, canciones sobre la naturaleza, diferencias de sonidos agudos y graves.

Desarrollo de la percepción auditiva: Identifica y diferencia sonidos agudos y graves en diversos contextos musicales.
Exploración rítmica básica: Reconoce y ejecuta patrones rítmicos simples mediante el uso de la voz, el cuerpo o instrumentos de percusión.
Expresión musical y contextual: Participa en canciones relacionadas con la naturaleza, fortaleciendo la creatividad, la sensibilidad y la conexión con el entorno."
Educación Artística y cultural,3°,,"Exploración en el arte

Danzas:
Uso del espacio y niveles corporales, representación de situaciones cotidianas, dramatización de emociones y juegos escénicos.
Elementos básicos de la danza: tiempo, espacio y energía.
Equilibrio, postura y alineación corporal.
Coreografías sencillas individuales y grupales."
Educación Artística y cultural,3°,,"Exploración en el arte

Artes Plásticas:
• Introducción al cubismo: Aprender sobre Picasso y el arte geométrico.
• Formas y arte abstracto: Crear obras utilizando figuras geométricas.
• Retratos y rostros cubistas: Explorar la representación humana a través de las formas y los colores.
• Animales y naturaleza en el cubismo: Usar la geometría para representar seres vivos.

Dibujo de observación.
Acuarela básica.
Collage temático.
Máscaras."
Educación Artística y cultural,3°,,"Exploración en el arte

Música:
Cualidades del sonido, ejercicios rítmicos con percusión, interpretación coral, estructura básica de la canción.

Reconocimiento de las cualidades del sonido: Identifica características como la altura, duración, intensidad y timbre en diferentes experiencias musicales.
Desarrollo del sentido rítmico: Participa en ejercicios de percusión que favorecen la coordinación, la atención y la precisión en la ejecución de patrones rítmicos.
Interpretación y comprensión musical: Interpreta canciones de manera coral, reconociendo elementos básicos de su estructura como introducción, estrofa y coro."
Educación Artística y cultural,4°,,"Exploración en el arte

Danzas:
Movimientos que representan emociones complejas, improvisación teatral, coreografías colectivas con narración.

Técnicas básicas de danza folclórica colombiana.
Expresión de emociones a través del movimiento.
Creación de secuencias coreográficas cortas."
Educación Artística y cultural,4°,,"Exploración en el arte

Artes Plásticas:
Movimiento artístico: fauvismo, técnicas artísticas, composición visual, creación y exposición  de productos artísticos."
Educación Artística y cultural,4°,,"Exploración en el arte

Música:
Notación musical básica, figuras rítmicas, acompañamiento con instrumentos escolares, interpretación grupal de canciones.

Iniciación a la lectura musical: Reconoce y utiliza elementos de la notación musical básica, identificando figuras rítmicas y su duración dentro de ejercicios prácticos.
Desarrollo de habilidades instrumentales: Emplea instrumentos escolares para realizar acompañamientos sencillos, fortaleciendo la coordinación y el sentido del pulso musical.
Trabajo colaborativo e interpretación musical: Participa activamente en la interpretación grupal de canciones, integrando la lectura rítmica, la ejecución instrumental y la escucha atenta de sus compañeros."
Educación Artística y cultural,5°,,"Exploración en el arte

Danzas:
Representación de situaciones sociales y emocionales, coordinación individual y grupal, escenas teatrales con personajes y roles definidos.
Ritmos tradicionales de Colombia y sus características.
Coordinación corporal y manejo espacial grupal.
Montajes coreográficos de danzas tradicionales."
Educación Artística y cultural,5°,,"Exploración en el arte

Artes Plásticas:
Elementos de la composición visual, técnicas de pintura,, proporción, diseño de afiches y carteles con intención comunicativa.

Expresión artística: Comic: narrar historias mediante una secuencia de imágenes."
Educación Artística y cultural,5°,,"Exploración en el arte

Música:
Representación de situaciones sociales y emocionales, coordinación individual y grupal, escenas teatrales con personajes y roles definidos.

Expresión de situaciones sociales y emocionales: Representa mediante el teatro diversas experiencias, emociones y situaciones de la vida cotidiana, fortaleciendo la empatía y la comunicación.
Desarrollo de la coordinación escénica: Participa en actividades que requieren coordinación individual y grupal, favoreciendo la atención, la creatividad y el trabajo en equipo.
Construcción e interpretación de personajes: Interpreta escenas teatrales con personajes y roles definidos, demostrando comprensión de la historia, expresión corporal y manejo básico de recursos dramáticos."
Educación Artística y cultural,6°,,"Exploración en el arte

Danzas:
Introducción a la técnica de danza académica.
Flexibilidad, fuerza y acondicionamiento físico.
Principios de composición coreográfica."
Educación Artística y cultural,6°,,"Exploración en el arte

Artes Plásticas:
Paisaje y naturaleza, mezcla de colores primarios, collage y mosaico, figura humana inicial."
Educación Artística y cultural,6°,,"Exploración en el arte

Música:
Lectura y escritura musical inicial, escalas mayores, ensamble rítmico y melódico con instrumentos escolares, repertorio popular."
Educación Artística y cultural,7°,,"Exploración en el arte

Danzas:
Historia de la danza y sus principales manifestaciones.
Técnica de giros, saltos y desplazamientos.
Improvisación y exploración del movimiento."
Educación Artística y cultural,7°,,"Exploración en el arte

Artes Plásticas:
Retrato, experimentación con acuarela y tinta."
Educación Artística y cultural,7°,,"Exploración en el arte

Música:
Creación de pequeñas composiciones rítmicas y melódicas, exploración de instrumentos melódicos, ensamble grupal."
Educación Artística y cultural,8°,,"Exploración en el arte

Danzas:
Danza contemporánea: fundamentos técnicos.
Relación entre música, movimiento y expresión.
Creación colectiva de propuestas coreográficas."
Educación Artística y cultural,8°,,"Exploración en el arte

Artes Plásticas:
Exploración del Land Art y la naturaleza como medio artístico: identificación, recolección y uso de elementos del entorno (hojas, piedras, tierra, ramas) para crear composiciones y estudiar texturas, formas y colores."
Educación Artística y cultural,8°,,"Exploración en el arte

Música:
Análisis de géneros musicales, interpretación de repertorios juveniles y tradicionales, creación de acompañamientos rítmicos y melódicos."
Educación Artística y cultural,9°,,"Exploración en el arte

Danzas:
Análisis de estilos y géneros dancísticos.
Interpretación artística y presencia escénica.
Composición coreográfica basada en temáticas sociales y culturales."
Educación Artística y cultural,9°,,"Exploración en el arte

Artes Plásticas:
Exploración del Op Art y la ilusión óptica. Experimentación con líneas, formas y contrastes."
Educación Artística y cultural,9°,,"Exploración en el arte

Música:
Ensambles vocales e instrumentales, improvisación musical, exploración de armonía básica."
Educación Artística y cultural,10°,,"Exploración en el arte

Danzas:
Análisis de obras musicales, interpretación de repertorio universal y colombiano, composición musical básica."
Educación Artística y cultural,10°,,"Exploración en el arte

Artes Plásticas:
Características, orígenes y principales exponentes del movimiento artístico Pop Art. Aplicación de técnicas mixtas en la producción de obras con intención comunicativa."
Educación Artística y cultural,10°,,"Exploración en el arte

Música:
Continuar explorando propuestas de teatro experimental, danza contemporánea y creación escénica, fortaleciendo la capacidad de análisis, reflexión crítica y expresión personal a través de procesos artísticos cada vez más conscientes y creativos."
Educación Artística y cultural,11°,,"Exploración en el arte

Danzas:
Producción musical (arreglos, grabación básica), investigación sobre músicas tradicionales y urbanas, creación de una obra colectiva final."
Educación Artística y cultural,11°,,"Exploración en el arte

Artes Plásticas:
Teoría del color, técnicas artísticas. Bitácora personal: vivencias."
Educación Artística y cultural,11°,,"Exploración en el arte

Música:
Montaje escénico integrador (danza, teatro, música), exploración de identidades culturales, muestra final para la comunidad educativa."
Ciencias Sociales,1°,I,"- Construcción de pautas o normas de comunicación y comportamiento: El semáforo de la participación. (CPAZ: Participación política)
- Reconociéndome como un sujeto de derechos y de cualidades: Mis características personales y emocionales.
- Las comunidades a las que pertenezco: familia, colegio y barrio (autoridades, normas y funciones)
- Aceptación de las diferencias y similitudes en mi grupo.
- Identifico algunas situaciones de conflicto en mi entorno y propongo alternativas de solución a los mismos. (CPAZ: Resolución pacífica de conflictos)

Participando en la construcción de pautas o normas de comunicación y comportamiento. (CPAZ: Participación política)
- Los derechos y los deberes en mi Colegio. 
- Identifico algunas situaciones de conflicto en mi entorno y propongo alternativas de solución a los mismos. (CPAZ: Resolución pacífica de conflictos)
- Reconociéndome como un sujeto de derechos y de cualidades: Mis características personales y emocionales.
- Reconociéndome como parte de un grupo.
- Aceptación de las diferencias y similitudes en mi grupo.
- Las comunidades a las que pertenezco: familia, colegio y barrio (autoridades, normas y funciones)"
Ciencias Sociales,1°,II,"- Ubicación espacial usando como referencia su cuerpo: arriba, abajo, izquierda, derecha.
- Los puntos cardinales y la brújula.
- Mi barrio y mi entorno.
- Los problemas ambientales en mi entorno. (CPAZ: Protección de las riquezas naturales de la Nación - Proyectos de impacto social)
- Reconociendo las diferentes formas de relieve en mi entorno.
-El tiempo atmosférico
- El clima incide en la forma de vida de las comunidades. (C PAZ: Diversidad y pluralidad)"
Ciencias Sociales,1°,III,"- El tiempo cronológico: Los días de la semana - Los meses del año – Presente, pasado y futuro.
- Reconstruyendo mi historia: ¿quién soy?, ¿de dónde vengo?
- La línea de tiempo: Reconstruyendo mi historia
- Habitando mi hogar.
- Los tipos de vivienda a mi alrededor. (C PAZ: Diversidad y pluralidad)
- Escuchando historias orales sobre mi comunidad (Trabajando con fuentes primarias: la entrevista)"
Ciencias Sociales,2°,I,"Derechos de los niños y las niñas (CPAZ: Justicia y Derechos Humanos - Proyectos de impacto social)
Protección de los derechos (casos cotidianos, conflictos escolares, reconocimiento de situaciones de situaciones de exclusión o discriminación)
- Derechos y deberes en el Colegio, según el Manual de Convivencia. (CPAZ: Participación política)
- Mi historia familiar:  ¿De dónde vengo?
- Mi árbol genealógico.
- Medios de transporte utilizados en mi entorno y en la actualidad.
- Medios de transporte empleados en otras épocas.
PERIODO II
Nombre del área: Ciencias Sociales | Grado: 2° | HS: 3H
Objetivos para el grado:
 Identifican los diferentes oficios que realizan las personas en su comunidad, reconociendo la importancia de estos y del trabajo para la familia y la economía.
Explican el papel desempeñado por los seres humanos en la transformación del paisaje, considerándolo como un espacio de posibilidades.
Estándares Básicos de Competencias (EBC):
- Me reconozco como ser social e histórico, miembro de un país con diversas etnias y culturas, con un legado que genera identidad nacional.
- Reconozco la interacción entre el ser humano y el paisaje en diferentes contextos e identifico las acciones económicas y las consecuencias que resultan de esta relación.
- Me identifico como un ser humano único, miembro de diversas organizaciones sociales y políticas necesarias para el bienestar y el desarrollo personal y comunitario; reconozco que las normas son acuerdos básicos que buscan la convivencia pacífica en la diversidad.
COMPETENCIAS A DESARROLLAR
Pensamiento Social – Interpretación y Análisis de Perspectivas – Pensamiento Sistémico y Reflexivo
Componentes y desempeños
Relaciones con la historia y las culturas | Relaciones espaciales y ambientales | Relaciones ético – políticas
- Identifico algunas características físicas, sociales, culturales y emocionales que hacen de mí un ser único.
- Identifico y describo algunas características socioculturales de comunidades a las que pertenezco y de otras diferentes a las mías. | - Identifico y describo características y funciones básicas de organizaciones sociales y políticas de mi entorno (familia, colegio, barrio, vereda, corregimiento, resguardo, territorios afrocolombianos, municipio…).
Pregunta o situación problémica | DBA | Contenidos de Aprendizaje
Pregunta o situación problémica | DBA | Actitudinales | Conceptuales | Procedimentales
¿Cómo influyen los trabajos y oficios en el lugar donde vivimos: campo o ciudad?

¿Por qué necesitamos aprender a leer mapas y conocer los paisajes que nos rodean? | DBA 1
Comprende que el paisaje que vemos es resultado de las acciones humanas que se realizan en un espacio geográfico y que, por esta razón, dicho paisaje cambia.

DBA 5
Analiza las actividades económicas de su entorno y el impacto de estas en la comunidad.

DBA 6
Compara las características de las viviendas de su municipio, vereda o lugar donde vive
con las de otros lugares. | Reconozco y respeto diferentes puntos de vista. (EBC) 

Comparo mis aportes con los de mis compañeros y compañeras e incorporo en mis conocimientos y juicios elementos valiosos aportados por otros. (EBC) | Identifica las formas del relieve que se encuentran en la superficie terrestre (montaña, valle, llanura, meseta e islas) y nombra aquellas que se observan en su localidad, comuna o vereda. (DBA 1).

Expresa sus apreciaciones sobre los paisajes que observa en fotografías, folletos, revistas, periódicos y señala aquellos que prefiere. (DBA 1).

Identifica los trabajos u oficios que las personas de su comunidad realizan para obtener su sustento y el de la familia. (DBA 5).

Compara los oficios que los abuelos realizaban anteriormente respecto de cómo se realizan hoy y diferencia los trabajos característicos de las zonas urbanas y rurales. (DBA 5).

Reconoce características de las viviendas rurales y urbanas a partir de los materiales utilizados para su construcción. (DBA 6).

Identifica los cambios que se dan en las viviendas con el paso del tiempo. (DBA 6). | Traza las formas básicas del paisaje de su municipio a través de dibujos y la elaboración de maquetas con barro, plastilina o materiales reutilizables que consiga en su contexto. (DBA 1).

Explica los cambios que se han realizado en el paisaje del municipio debido a cultivos, construcciones recientes, carreteras, caminos, edificaciones y parques, entre otros. (DBA 1).

Describe las actividades económicas que realizan los adultos en su hogar y los beneficios que éstas traen para todos los integrantes de la familia. (DBA 5).

Reconoce experiencias donde algunos niños son explotados laboralmente y expresa razones para rechazar estas situaciones. (DBA 5).

Describe y diferencia características de las viviendas de los grupos étnicos, a partir de la lectura de imágenes. (DBA 6).

Describe las ventajas y desventajas que representa tener vivienda en zona urbana o rural. (DBA 6).
TEMAS
- Trabajos y oficios.
- Trabajos propios de la ciudad y el campo.
- La vivienda a través del tiempo: ayer y hoy.
- Ventajas y desventajas de las viviendas ubicadas en la zona rural y urbana.
- Formas del relieve.
-  Tipos de paisaje (Natural, cultural, rural y urbano)
-Formas de representación de la Tierra: El globo terráqueo y el plano."
Ciencias Sociales,2°,III,"-Los puntos cardinales.
- Trabajando con el  mapa de mi ciudad: división político-administrativa, convenciones, puntos cardinales, calles, carreras.
- Mi municipio: aspectos generales de Cali.
- Hidrografía de Cali: la importancia de cuidar nuestros ríos (C PAZ: Protección de las riquezas naturales de la Nación)
- Características sociales y culturales de mi ciudad. (CPAZ: Diversidad y pluralidad)
- Cuidamos nuestra ciudad (trabajo colaborativo, campaña escolar)"
Ciencias Sociales,3°,I,"- Gobierno escolar: Funciones de los diferentes estamentos que lo componen.
- Propuestas de los representantes al Consejo Estudiantil
- Elecciones escolares y ejercicio del voto
- ¿Qué es un departamento?
- ¿Quien gobierna en mi departamento?: La gobernación y la Asamblea Departamental
- Desarrollo y comparación de propuestas de los representantes al Consejo estudiantil. (C PAZ: Proyecto de impacto social)
- Normas en el departamento, en la ciudad y en el colegio: Mis derechos y mis deberes como ciudadano. (C PAZ: Participación política)
- Mis derechos y deberes como ciudadano"
Ciencias Sociales,3°,II,"- Trabajando con el mapamundi: ubiquemos continentes, océanos y el país.
- División política de Colombia: departamentos y capitales.
- Mi departamento: Ubicación geográfica del Valle del Cauca.
- Regiones naturales de Colombia. 
- El relieve Colombiano (montañas, valles, ríos, etc.)
- Zonas climáticas de la tierra.
- Clima y vegetación en las regiones: Los pisos térmicos.
- Recursos naturales en nuestra región: renovables y no renovables (C PAZ: Protección de las riquezas naturales de la Nación)."
Ciencias Sociales,3°,III,"- La importancia del tiempo en la organización de las diferentes actividades humanas: Mi rutina diaria
- ¿Cómo podemos ordenar el tiempo y los sucesos? (Unidades de tiempo y línea de tiempo)
- Grupos poblacionales en mi departamento: características sociales, económicas, culturales y situación actual. (C PAZ: Protección de las riquezas culturales de la Nación)
- Cambios demográficos en mi departamento y en mi ciudad.
- Costumbres y tradiciones en mi departamento y país: soy vallecaucano, soy colombiano. (CPAZ: Protección de las riquezas culturales de la Nación)
- El legado de mis antepasados. Un vistazo a los vestigios que me permiten ver el pasado de mi región."
Ciencias Sociales,4°,I,"La participación ciudadana y la democracia.
Responsabilidades de los cargos de elección popular (personero, contralor, etc.) (C. PAZ: Participación política)
Los derechos y los deberes de los niños y niñas
Protección de la niñez: instituciones que velan por sus derechos (ICBF, Defensoría, UNICEF). (C. PAZ: Justicia y Derechos Humanos)
La Constitución y las ramas del poder público en Colombia (funciones y división de poderes)
 Las necesidades básicas del ser humano.
 La importancia de los servicios públicos domiciliarios: ayer y hoy.
Las necesidades básicas de las familias colombianas."
Ciencias Sociales,4°,II,"Primeras organizaciones humanas: bandas, clanes y tribus.
Pueblos indígenas y familias lingüísticas de Colombia
Organización social y económica de los pueblos originarios en Colombia. (C PAZ: Protección de las riquezas culturales de la Nación)
El legado cultural indígena en la identidad colombiana. (C PAZ: Protección de las riquezas culturales de la Nación) 
Colombia como país pluriétnico y multicultural. (C PAZ  Proyectos de impacto social)
Conquista Española y sus consecuencias en los pueblos precolombinos
Transformaciones socioculturales recientes por el uso de la tecnología."
Ciencias Sociales,4°,III,"Límites y fronteras: ¿qué son y para qué sirven?
Fronteras de Colombia: terrestres y marítimas
Importancia económica, social y cultural de las fronteras colombianas.
Diferencias entre el medio rural y urbano: población y uso del suelo (C. PAZ Dilemas morales)
Orientación espacial: puntos cardinales, planos y croquis.
Uso e interpretación de mapas físicos y políticos de Colombia."
Ciencias Sociales,5°,I,"¿Cómo funciona la democracia en mi colegio?La democracia y participación en el colegio. (C PAZ: Participación política)
La Constitución de 1991: El libro de nuestros derechos fundamentales (C PAZ: Justicia y Derechos Humanos)
Instituciones nacionales e internacionales para la protección de la niñez 
Periodo colonial en Colombia: Virreinato de Nueva Granada, Grupos sociales e instituciones coloniales, iglesia católica.
Sistemas de trabajo y economía durante el periodo colonial"
Ciencias Sociales,5°,II,"Antecedentes y causas del proceso de Independencia nacional (CPAZ: Memoria histórica)
Evolución territorial e histórica de la República de Colombia 
El debate entre centralismo y federalismo en el siglo XIX 
Conflictos políticos y sociales en la Colombia contemporánea (CPAZ: Memoria histórica - Proyectos de impacto social)
Desarrollo tecnológico, industrial y de comunicaciones en Colombia  (siglo XX y XXI)"
Ciencias Sociales,5°,III,"Líneas imaginarias de la Tierra: Latitud y longitud 
Posición geográfica y astronómica de Colombia.
Importancia de los océanos en Colombia. (C PAZ: Protección de las riquezas naturales de la Nación)
División político-administrativa de Colombia.
Regiones de Colombia: características físicas y culturales y relación entre geografía y biodiversidad."
Ciencias Sociales,6°,I,"La construcción de normas y convivencia en el entorno familiar y escolar 
Las normas de las sociedades antiguas y actuales (Código de Hammurabi – La ley de las 12 tablas – Carta Magna de Inglaterra – Constitución Política).
Construcción de normas (familia, colegio).
El concepto de ciudadanía a través del tiempo.
Las estructuras políticas en la Antigüedad y las de la actualidad. (Democracia –Tiranía- Teocracia – Aristocracia – Monarquía).
La democracia ayer y hoy. (C PAZ: Proyectos de impacto social)
De la democracia representativa a la democracia participativa. (C PAZ: Participación política)
Transición de la democracia representativa a la participativa (C PAZ: Participación política)
Interculturalidad y Multiculturalidad: ¿dos expresiones semejantes, independientes o dependientes? (C PAZ: Diversidad y pluralidad)"
Ciencias Sociales,6°,II,"Teorías científicas, religiosas y mitológicas que explican el origen del universo.
Teorías del origen del universo (ciencia, mito, religión) 
El sistema solar y su relación con la vida en nuestro planeta.
La Tierra: hidrósfera – atmósfera – litósfera – biósfera – los husos horarios.
Teoría de la deriva continental y la dinámica interna de la Tierra.
Teoría de la deriva continental y la dinámica interna de la Tierra.
La Tierra: hidrósfera – atmósfera – litósfera – biósfera – los husos horarios.
El impacto de algunos fenómenos naturales en el paisaje y la vida de las personas.
Fenómenos naturales y su impacto en las sociedades humanas 
Los primeros homínidos y su paso hacia la humanización
Teorías del poblamiento americano.
Localización y aportes de las culturas prehispánicas (Maya, Azteca, Incas). 
Sociedades prehispánicas Vs. Sociedades actuales: ¿retroceso o progreso?"
Ciencias Sociales,6°,III,"Los primeros homínidos y su paso hacia la humanización.
Teorías del poblamiento americano.
La domesticación y la agricultura: factores clave para el desarrollo de las sociedades.
Las primeras civilizaciones hidráulicas: El río fuente de progreso y de vida.
Los primeros esclavos: ¿motor del desarrollo de las civilizaciones?
Grandes sociedades antiguas 
Grandes sociedades antiguas: localización y legado.
Localización y aportes de las culturas prehispánicas (Mayas, Aztecas e Incas). 
Sociedades prehispánicas vs. sociedades actuales: ¿retroceso o progreso?
La domesticación y la agricultura: factores clave para el desarrollo de las sociedades.
Los primeros esclavos: ¿motor del desarrollo de las civilizaciones?
Las primeras civilizaciones hidráulicas: El río fuente de progreso y de vida."
Ciencias Sociales,7°,I,"Gobierno escolar.   
Estructura y funciones del Gobierno Escolar 
¿Qué es la dignidad humana y cómo fortalecerla? (C PAZ: Participación política) 
Declaración de los Derechos Humanos Universales y Derechos fundamentales en la Constitución Política de 1991.
La pertinencia de la Acción de Tutela. (C PAZ: Justicia y Derechos Humanos)
Estrategias para la resolución de conflictos: la negociación y la mediación escolar. (C PAZ: Resolución pacífica de conflictos)
La importancia de los escenarios de paz. (C PAZ: Proyecto de impacto social)."
Ciencias Sociales,7°,II,"- El imperio romano: un vistazo a su política, su cultura, su economía, su legado.
- Edad media: imperios – feudalismo – poder de la Iglesia.
- Renacimiento e Ilustración
- El proceso de conquista y colonización europea en América
- Características sociales y políticas en las colonias americanas.
- Culturas precolombinas ¿semejantes o distantes de la cultura europea del medioevo?
- Importancia de la diversidad cultural y étnica como elemento constitutivo de la identidad latinoamericana. (C PAZ: Protección de las riquezas culturales de la nación)
Representaciones cartográficas: ayer y hoy.
La cartografía en la cotidianidad de las personas.
Geografía urbana: conceptos y su importancia.
La Industrialización y el crecimiento urbano como generadores de la organización de las ciudades.
Problemáticas de las ciudades actuales. (C.PAZ Proyectos de impacto social)"
Ciencias Sociales,7°,III,"Representaciones cartográficas: ayer y hoy.
La cartografía en la cotidianidad de las personas.
Geografía urbana: conceptos y su importancia.
La Industrialización y el crecimiento urbano como generadores de la organización de las ciudades.
Problemáticas de las ciudades actuales. (C.PAZ Proyectos de impacto social)

El imperio romano: un vistazo a su política, su cultura, su economía, su legado.
Edad media: imperios – feudalismo – poder de la Iglesia.
Culturas precolombinas ¿semejantes o distantes de la cultura europea del medioevo?
Características sociales y políticas en las colonias americanas.
Importancia de la diversidad cultural y étnica como elemento constitutivo de la identidad latinoamericana. (C PAZ: Protección de las riquezas culturales de la nación)"
Ciencias Sociales,8°,I,"1.  Revoluciones burguesas: Causas y consecuencias
2. Revolución francesa: Causas, desarrollo, consecuencias (Derechos del Hombre y del Ciudadano, soberanía popular, Constitución, división de poderes y estados nacionales)
3.  Procesos de independencia de las colonias americanas durante los siglos XVIII y XIX
4. El proceso independentista en Colombia y la influencia de la Rev. Francesa. (CPAZ: Memoria histórica)
5. Colombia: ¿Estado social de derecho? (CPAZ: Participación política)
6. La Constitución Política de Colombia de 1991- Título I y Título II. (CPAZ: Justicia y Derechos Humanos)
7. Vulneración de los derechos constitucionales: Análisis de casos en Colombia. (La discriminación y la exclusión social como factores de pobreza y violencia). (CPAZ: Justicia y Derechos Humanos)"
Ciencias Sociales,8°,II,"La revolución industrial: Causas, desarrollo, consecuencias (impacto social, económico y ambiental provocado por los avances tecnológicos y de industrialización en Colombia).
 Desarrollo y consolidación del capitalismo: sus características
El imperialismo europeo: 1885, año de la repartición (causas y consecuencias)
Dominio europeo y norteamericano: Latinoamérica, África y Asia las regiones de las venas abiertas.
Sistemas económicos actuales: Capitalismo – Socialismo y Economía Mixta.
Impacto social, económico y ambiental provocado por los avances tecnológicos y de industrialización en Colombia.
Movimientos sociales: Organizaciones que buscan reivindicar los DDHH y mecanismos alternativos de resolución de problemas: diálogo, conciliación, arbitraje, mediación. (CPAZ: Resolución pacífica de conflictos)."
Ciencias Sociales,8°,III,"La política exterior de los Estados Unidos y su influencia en la dinámica económica, social y política de Colombia.
La importancia de las alianzas de cooperación entre Estados: Unión Europea – BRICS – Mercosur
La importancia de las alianzas de cooperación que sostiene Colombia:  OCDE – CAN – ALADI. 
Diferencias entre los niveles de desarrollo entre Europa y Latinoamérica.
Causas de la migración. Análisis de casos: Europa y Estados Unidos.
Aportes de los migrantes: “fugas de cerebros”. (CPAZ: Proyectos de impacto social)."
Ciencias Sociales,9°,I,"Constituciones Políticas en Colombia (desde 1821 hasta 1991).
Procesos políticos en Colombia: Centralismo – Federalismo - Partidos Políticos - Periodo Radical – Regeneración – Hegemonía Conservadora – Revolución en Marcha – Frente Nacional. (CPAZ: Memoria histórica)
El liberalismo económico y el proteccionismo y su influencia en el proceso modernizador en Colombia.
Mecanismos de Participación ciudadana. (CPAZ: Participación política)
Instituciones que defienden y protegen los DDHH en Colombia. (CPAZ: Justicia y Derechos Humanos)
PERIODO II
Nombre del área: Ciencias Sociales | Grado: 9° | HS: 3H
Objetivos para el grado: 
Reconocen que viven en un mundo donde el respeto y la tolerancia deben ser los pilares fundamentales para una vida en paz, por lo tanto, explican la necesidad de rechazar todo discurso que legitime la violencia y cualquier acción que afecte el desarrollo de la condición humana.
Identifican las causas y consecuencias que han originado crisis económicas en Colombia y sus efectos en la calidad de vida de sus habitantes.
Estándares Básicos de Competencias (EBC):
Identifico el potencial de diversos legados sociales, políticos, económicos y culturales como fuentes de identidad, promotores del desarrollo y fuentes de cooperación y conflicto en Colombia.
Reconozco y analizo la interacción permanente entre el espacio geográfico y el ser humano y evalúo críticamente los avances y limitaciones de esta relación.
Analizo críticamente los elementos constituyentes de la democracia, los derechos de las personas y la identidad en Colombia.
COMPETENCIAS A DESARROLLAR
Pensamiento Social – Interpretación y Análisis de Perspectivas – Pensamiento Sistémico y Reflexivo
Componentes y desempeños
Relaciones con la historia y las culturas | Relaciones espaciales y ambientales | Relaciones ético - políticas
Identifico y comparo algunos de los procesos políticos que tuvieron lugar en el mundo en el siglo XIX y primera mitad del siglo XX (Primera y Segunda Guerra Mundial...).
Relaciono algunos de estos procesos políticos internacionales con los procesos colombianos en el siglo XIX y primera mitad del siglo XX.
Pregunta o situación problémica | DBA | Contenidos de Aprendizaje
Pregunta o situación problémica | DBA | Actitudinales | Conceptuales | Procedimentales
¿Es posible erradicar el odio, el resentimiento y la desigualdad en las sociedades o es acaso la naturaleza del ser humano generar estas situaciones?
¿Las crisis económicas en Colombia son producto de una falta de competitividad u obedecen a situaciones de índole político? | DBA 7
Evalúa cómo todo conflicto puede solucionarse mediante acuerdos en que las personas ponen de su parte para superar las diferencias.

DBA 6
Comprende el papel de las mujeres en los cambios sociales, políticos, económicos y culturales en el mundo y la igualdad de derechos que han adquirido en los últimos años.

DBA 3
Analiza las crisis económicas dadas en la Colombia contemporánea y sus repercusiones en la vida cotidiana de las personas. | Respeto diferentes posturas frente a los fenómenos sociales. (EBC)

Participo en discusiones y debates académicos. (EBC) | Analiza los conflictos entre grupos con el fin de proponer alternativas de solución. (DBA 7).

Identifica la participación de las mujeres en la historia de Colombia en el ámbito político, académico, cultural, industrial y financiero. (DBA 6).

Caracteriza formas de violencia contra las mujeres en el país y en el mundo (psicológica, sexual, económica, doméstica, laboral, mediática y física) y propone alternativas para cambiarlas. (DBA 6).

Caracteriza a través de estudios de caso algunas crisis económicas en Colombia (sustitución de importaciones, financiera e hipotecaria [UPAC], ruptura del pacto internacional del café, crisis internacional del petróleo). (DBA 3).

Establece algunas causas que han generado crisis económicas en Colombia, América Latina y el mundo, y sus efectos en la economía del hogar. (DBA 3). | Explica las consecuencias de aquellas acciones que pueden causar sufrimiento a otras personas. (DBA 7).

Plantea argumentos sobre los discursos que legitiman la violencia con el fin de rechazarlos como alternativa a la solución de los conflictos. (DBA 7).

Explica las contribuciones de las mujeres en la construcción de una sociedad justa y creadora de una cultura de paz. (DBA 6).

Propone acciones para que las diversas formas de identidad de género sean respetadas en el contexto del desarrollo de todas las potencialidades humanas. (DBA 6).

Explica las consecuencias sociales de las crisis económicas en la vida diaria de las personas (desempleo, impuestos, canasta familiar, poder adquisitivo). (DBA 3)

Plantea hipótesis de un futuro económico posible en que las personas vivan en mejores condiciones de vida. (DBA 3)
TEMAS
Revolución Rusa y China: Causas y consecuencias. 
Primera guerra mundial: causas y consecuencias.
Segunda guerra mundial: causas y consecuencias. 
Crisis económicas en Colombia y sus efectos. 
La evolución del papel de la mujer y las violencias de género a través del siglo XX y XXI . (CPAZ: Memoria histórica) 
Una mirada al papel de la mujer. Análisis de casos: Colombia y Segunda guerra mundial. (CPAZ: Memoria histórica) 
Formas de violencia contra la mujer: una mirada al siglo pasado y al actual."
Ciencias Sociales,9°,III,"Índice de Desarrollo Humano: Ciudades con mejor índice de desarrollo económico y  las que no lo poseen.
El papel de los gremios económicos en el desarrollo social y económico del país.
Regiones naturales y Geosistemas colombianos: su importancia y sus condiciones actuales. (CPAZ: Uso sostenible de los recursos naturales)
Comunidades étnicas y culturas colombianas y su forma de relacionarse con el medio ambiente. (CPAZ: Proyectos de impacto social)
Migraciones en Colombia: causas, consecuencias.
El impacto de las migraciones: en el sector rural, urbano y natural."
Ciencias Sociales,10°,I,"La violencia en Colombia: una mirada a partir de 1948 hasta la actualidad (causas, consecuencias, actores). (CPAZ: Memoria histórica – Participación política)
Conflicto y violencia: comprensión de los conflictos sociales y análisis del triángulo de la violencia de Johan Galtung. 
-  Teoría del conflicto
El triángulo de la violencia (según Johan Galtung).
Diálogos de Paz: ¿mitos y verdades? (CPAZ: Historia de los Acuerdos de Paz nacionales e internacionales)
Mecanismos de protección de los DDHH."
Ciencias Sociales,10°,II,"-   Teorías económicas
Modelos de desarrollo económico: liberalismo, socialismo, comunismo, capitalismo, neoliberalismo y globalización.
Incidencias del FMI, del Banco Mundial, de la OCDE en la formulación de políticas económicas, jurídicas, ambientales y educativas en un país como Colombia.
Diversos tipos de contaminación ambiental. Análisis de caso: el impacto de la minería legal e ilegal. (CPAZ: Protección de las riquezas naturales de la Nación)"
Ciencias Sociales,10°,III,"Consecuencias de la Segunda Guerra Mundial: La Guerra Fría: origen, características e impacto en el orden mundial.
Conflictos geopolíticos durante la Guerra Fría: Guerra de Corea, Guerra de Vietnam y Crisis de los Misiles.
El conflicto árabe-israelí y sus repercusiones en el escenario internacional. 
Genocidio, refugiados y desplazamiento forzado como consecuencias de los conflictos contemporáneos.
Dictaduras latinoamericanas, democracia y derechos humanos en los siglos XX y XXI.
Manifestaciones artísticas e ideológicas del siglo XX como expresión de los cambios políticos, sociales y culturales.  (CPAZ: Protección de las riquezas culturales de la Nación)

Análisis geoespacial del conflicto. (Guerra de Corea, Guerra de Vietnam). 
Conflicto Arabe-Israelí. 
Genocidio, Refugiados, Desplazamiento forzado.
Dictaduras latinoamericanas: causas y consecuencias.
Revolución Cubana: Crisis de los Misiles
Los nuevos conceptos de democracia del siglo XXI. 
Diversidad cultural y étnica en Colombia. Una gran riqueza social. (CPAZ: Protección de las riquezas culturales de la Nación)
Formas de discriminación social."
Ciencias Sociales,11°,I,"Guerra fría (Bloque Oriental-Bloque Occidental).
Guerra fría en Latinoamérica.
Historia de los Procesos de paz en Colombia, Plebiscito y Acuerdos de paz). (CPAZ: Historia de los Acuerdos de Paz nacionales e internacionales – Participación política)
Procesos de Paz Internacionales.
Mecanismos que defienden los derechos fundamentales en Colombia. (CPAZ: Resolución pacífica de conflictos – Justicia y Derechos Humanos)
Instituciones de Control del Estado."
Ciencias Sociales,11°,II,"Globalización (ventajas y desventajas).
-Neoliberalismo (ventajas y desventajas).
Tratados de integración económica y las implicaciones de los mismos para Colombia.
Transformación de los espacios por las políticas de la globalización. 
El impacto del desarrollo industrial y tecnológico en el mundo y en Colombia (sobre poblamiento urbano, abandono del campo y el derecho a una alimentación sana)."
Ciencias Sociales,11°,III,"Análisis geoespacial del conflicto. (Guerra de Corea, Guerra de Vietnam). 
Conflicto Arabe-Israelí. 
Genocidio, Refugiados, Desplazamiento forzado.
La ONU y su papel en pro del medio ambiente (Objetivos de desarrollo del milenio)
 Problemas y conflictos ambientales en Colombia
Instituciones y organizaciones ambientales que trabajan por el medio ambiente en Colombia. (CPAZ: Protección de la riqueza natural de la Nación – Proyecto de impacto social).
Diversidad cultural y étnica en Colombia. Una gran riqueza social. (CPAZ: Protección de las riquezas culturales de la Nación)
Formas de discriminación social."
"Educación Física, Recreación y Deporte",1°,I,"Esquemas y posturas corporales en espacios y tiempos determinados.
Juegos de coordinación espacio-temporal 
Acondicionamiento físico
Lateralidad y coordinación motriz
Natación
Introducción al estilo libre"
"Educación Física, Recreación y Deporte",1°,II,"Coordinación dinámica general 
coordinación óculo-manual y coordinación óculo-pédica
 equilibrio
Equilibrio estático y equilibrio dinámico
Natación
 Patada libre y patada de espalda"
"Educación Física, Recreación y Deporte",1°,III,"Cuidado de sí mismo 
Higiene corporal
Juegos  pre-deportivos en conjunto 
Juegos tradicionales y reglas.
Agilidad y equilibrio
Natación
Brazada de libre y brazada de espalda"
"Educación Física, Recreación y Deporte",2°,I,"-Ubicación corporal temporo-espacial
Iniciación al atletismo
-Hábitos de higiene
-Hábitos saludable
Natación
Introducción al estilo espalda"
"Educación Física, Recreación y Deporte",2°,II,"Gimnasia
Gimnasia  básica
Acondicionamiento físico.
Natación: 
Iniciación estilo espalda
Patada de espalda"
"Educación Física, Recreación y Deporte",2°,III,"Capacidades Físicas Básicas 
 Velocidad y Resistencia aeróbica
Natación:
Pruebas de estilo libre y estilo espalda"
"Educación Física, Recreación y Deporte",3°,I,"Capacidades Físicas Básicas y cuidado personal


Nutrición e hidratación.
Natación: 
Patada estilo espalda"
"Educación Física, Recreación y Deporte",3°,II,"-habilidades físicas básicas:
Juegos Pre-deportivos
Natación: 
Brazada Estilo Espalda"
"Educación Física, Recreación y Deporte",3°,III,"-Cambios fisiológicos y actividad física
habilidades perceptivo-motrices
Natación: 
Coordinación brazada-patada estilo espalda"
"Educación Física, Recreación y Deporte",4°,I,"-Juegos y ejercicios de habilidades físicas básicas
-Juegos pre-deportivos
Natación:
-Cualidades físicas aplicadas a la natación"
"Educación Física, Recreación y Deporte",4°,II,"-Gimnasia básica
Tensión-relajación
iniciación a la actividad física
-Calentamiento
-Natación: 
Estilo libre( respiración),estilo espalda y apnea."
"Educación Física, Recreación y Deporte",4°,III,"-Circuitos deportivos
-Natación: 
Inicio en el estilo pecho
Coordinación Estilo Pecho"
"Educación Física, Recreación y Deporte",5°,I,"-Iniciación en el fútbol
Actividad Física aeróbica.
Natación: 
Estilo Libre-salida y viraje."
"Educación Física, Recreación y Deporte",5°,II,"Iniciación al voleibol 
Acondicionamiento físico
Natación: 
Estilo Espalda-salida y vuelta."
"Educación Física, Recreación y Deporte",5°,III,"Iniciación al basquetbol
-Capacidades físicas y salud.
Natación:
Estilo Pecho: patada y brazada."
"Educación Física, Recreación y Deporte",6°,I,"- Juegos acuáticos
- Técnica de libre, espalda
Técnicas del fútbol
-Capacidades coordinativas"
"Educación Física, Recreación y Deporte",6°,II,"Técnicas del voleibol
Capacidades físicas complementarias.
Natación:
Estilo Pecho"
"Educación Física, Recreación y Deporte",6°,III,"Técnicas del baloncesto
Fuerza y Resistencia
Natación:
Pruebas combinadas y de relevos"
"Educación Física, Recreación y Deporte",7°,I,"-Test de Capacidades Físicas Básicas: 
Fuerza y resistencia 
Fundamentos básicos del voleibol: 
Saque bajo 
 Antebrazo y recepción 
Voleo
-Natación: 
Estilo libre, Espalda y salidas."
"Educación Física, Recreación y Deporte",7°,II,"-Natación:
Virajes
Patada de espalda y pecho, viraje
-Acondicionamiento físico y coordinación.
-Fundamentos Básicos del fútbol:
Pase
Control 
Regate y remate"
"Educación Física, Recreación y Deporte",7°,III,"Baloncesto:
Fundamentos técnicos
Dribling, pases y movimientos defensivos
 -Natación:
Deportes acuáticos
Fundamentos básicos Balonmano
El agarre
Recepción 
Pase
Lanzamiento o remate
El bote
La finta"
"Educación Física, Recreación y Deporte",8°,I,"Test de capacidades Físicas:
Resistencia- fuerza
Natación: 
(libre o crol)
Voleibol 
Saque, recepción, voleo 
Juego colectivo y reglamento"
"Educación Física, Recreación y Deporte",8°,II,"- Natación 
Estilo espalda y pecho con viraje 
Capacidades fisicas 
Resistencia, fuerza, flexibilidad y velocidad
Baloncesto
Pases, driblig, lanzamiento. 
Juego colectivo"
"Educación Física, Recreación y Deporte",8°,III,"- Natación: 
 Pecho y mariposa. 
Salidas y virajes.
Acondicionamiento físico:
Resistencia fuerza, flexibilidad y coordinación.
Fútbol
Pase y control del balón 
Regate y remate"
"Educación Física, Recreación y Deporte",9°,I,"Test de capacidades Físicas  
-Resistencia aeróbica 
-Fuerza  
-Natación 
Libre, espalda, apnea, salidas.
Fútbol sala
Pase y control 
-Conducción y creación de jugadas 
Juego con reglamento"
"Educación Física, Recreación y Deporte",9°,II,"- Natación:  
Estilo libre, espalda, pecho y mariposa (salidas y virajes)
Baloncesto:
Dribling, pases y lanzamiento 
Reglamento básico.
Acondicionamiento físico"
"Educación Física, Recreación y Deporte",9°,III,"- Natación 
Técnicas de natación 
Apnea, clavado, virajes
Voleibol:
Saque o servicio.
Voleo, antebrazo y ataque.
Juego colectivo, rotación.
Acondicionamiento físico"
"Educación Física, Recreación y Deporte",10°,I,"Test de capacidades física
-Resistencia aeróbica, fuerza
-Natación
 libre, espalda, pecho, mariposa 
salidas y viraje
Acondicionamiento físico aplicado al Baloncesto
Dribiling, pases, defensa, lanzamiento
Juego colectivo"
"Educación Física, Recreación y Deporte",10°,II,"- Natación:  
Libre, espalda, pecho y mariposa
Salidas y virajes.
-Voleibol 
Saque, recepción, voleo, ataque y bloqueo
Fútbol
Pase y control 
Defensa, ataque y remate."
"Educación Física, Recreación y Deporte",10°,III,"- Natación 
Estilo libre, espalda, pecho y mariposa
Balón mano 
Lanzamiento, recepción 
Reglamento
Atletismo
Salto con vallas y pista.
Patrón de trote, tiempo de recuperación."
"Educación Física, Recreación y Deporte",11°,I,"- Test de capacidades física
-Resistencia aeróbica, fuerza
-Natación
 libre, espalda, pecho, mariposa 
salidas y viraje
Acondicionamiento físico aplicado al Baloncesto
Dribiling, pases, defensa, lanzamiento
Juego colectivo"
"Educación Física, Recreación y Deporte",11°,II,"- Natación:  
Libre, espalda, pecho y mariposa
Salidas y virajes.
-Voleibol 
Saque, recepción, voleo, ataque y bloqueo
Fútbol
Pase y control 
Defensa, ataque y remate"
"Educación Física, Recreación y Deporte",11°,III,"Natación
Estilo libre, espalda, pecho y mariposa
Balón mano 
Lanzamiento, recepción 
Reglamento
Atletismo
Salto con vallas y pista.
Patrón de trote, tiempo de recuperación."
ÉTICA,1,I,"Me conozco ¿Quién soy yo? Mis emociones, gustos y límites."
ÉTICA,1,II,"Convivencia desde el respeto, la empatía y la paz."
ÉTICA,1,III,"Cuidar a los otros: familia, compañeros y medio ambiente"
ÉTICA,2,I,Los deberes y las normas cuidan de mí.
ÉTICA,2,II,Me conozco y me acepto como soy.
ÉTICA,2,III,"Cuido mi entorno: Familia, medio ambiente y animales"
ÉTICA,3,I,El cuidado de sí mismo y el manejo de las emociones.
ÉTICA,3,II,Resolución pacífica de conflictos: Las emociones en la comunicación.
ÉTICA,3,III,Derechos de los Niños y Deberes de los Ciudadanos
ÉTICA,4,I,Autocuidado y normas de convivencia.
ÉTICA,4,II,Manejo de emociones y toma de decisiones.
ÉTICA,4,III,Convivir respetando: de las diferencias a la solidaridad.
ÉTICA,5,I,Normas de convivencia como herramientas para lograr el bien común.
ÉTICA,5,II,Relaciones Sociales: Trabajo en equipo y cooperación.
ÉTICA,5,III,"Ética del cuidado: de mí, de los otros y del entorno en un mundo mediado por la información."
ÉTICA,6,I,Esencia de la ética.
ÉTICA,6,II,Éticas particulares: sistemas éticos
ÉTICA,6,III,"Autoestima, libertad y el proyecto de vida desde la espiritualidad franciscana"
ÉTICA,7,I,"Deberes y derechos humanos:
¿Qué son?
¿Por qué hablamos de derechos y deberes humanos?
Declaración universal de los derechos humanos 1948: grupos de disposiciones
Dimensiones de los Derechos humanos
La importancia de vivir los derechos y deberes humanos."
ÉTICA,7,II,La participación de los jóvenes es un derecho.
ÉTICA,7,III,La responsabilidad infantil.
ÉTICA,8,I,"Mi identidad personal y cultural
1. La adolescencia como etapa de cambio
Cambios físicos, emocionales y psicológicos
La adolescencia como proceso de construcción personal
Autoconocimiento y descubrimiento del “yo”
2. Identidad personal
¿Quién soy? construcción de la identidad
Características que me hacen único e irrepetible
Autoimagen, autoestima y reconocimiento personal
3. Identidad cultural
Pertenencia a una cultura y contexto social
Valores, costumbres y tradiciones culturales
Reconocimiento de la diversidad cultural"
ÉTICA,8,II,"1.- Pluralidad, o valoración de las diferencias
1.1 Soy un ser único, pero pertenezco a una sociedad
1. Pluralidad y valoración de las diferencias
1.1 Soy un ser único, pero pertenezco a una sociedad
Reconocimiento de la identidad personal dentro de un grupo social
Relación entre individualidad y convivencia
Importancia de la diversidad en la vida social

2. Pluralidad y multiculturalismo
2.1 Diversidad cultural en la sociedad
Concepto de multiculturalismo
Diferentes formas de ser, pensar y actuar
Reconocimiento de la riqueza cultural en el entorno

3. Valores para la convivencia
3.1 Sensibilidad, integridad y tolerancia
Valores fundamentales para la aceptación del otro
Respeto por las diferencias individuales y culturales
Construcción de relaciones basadas en el respeto mutuo"
ÉTICA,8,III,"La convivencia escolar: aprendiendo a ser gestores de paz.
1. Convivencia escolar: concepto y sentido
¿Qué es la convivencia escolar?
Importancia de la convivencia en la vida estudiantil
Normas, acuerdos y vida en comunidad
2. El estudiante como sujeto de convivencia
Responsabilidad individual en el ambiente escolar
Relación entre emociones, comportamiento y convivencia
El respeto como base de la interacción escolar
3. Conflicto en el entorno escolar
Tipos de conflictos en la escuela
Causas de los conflictos entre estudiantes
Diferencia entre conflicto, violencia y agresión
4. Resolución pacífica de conflictos
El diálogo como herramienta fundamental
La escucha activa y la empatía
Mediación y acuerdos de convivencia
5. Cultura de paz en la escuela
Concepto de cultura de paz
Valores que la fortalecen: respeto, tolerancia y solidaridad
Construcción colectiva de ambientes pacíficos"
ÉTICA,9,I,"1.- Las emociones y el manejo de los conflictos.
   1.1- La violencia, una forma equivocada de resolver los conflictos

1. Emociones y conflictos
Relación entre emociones y aparición de conflictos
Influencia de las emociones en el comportamiento
2. Manejo de los conflictos
El conflicto como parte de la vida social
Estrategias de resolución pacífica (diálogo y escucha)
3. La violencia como forma inadecuada de resolución
Tipos de violencia (física, verbal y simbólica)
Consecuencias de la violencia en la convivencia"
ÉTICA,9,II,"Nuevas formas de ver y superar el conflicto

1. El conflicto como oportunidad
El conflicto como parte natural de la convivencia
Cambios de enfoque: del conflicto como problema al conflicto como oportunidad de aprendizaje
2. Comprensión del conflicto
Identificación de causas y emociones involucradas
Reconocimiento de las partes y sus intereses
3. Transformación del conflicto
Diferencia entre resolver, evitar y transformar el conflicto
Búsqueda de soluciones constructivas
4. Estrategias no violentas de solución
Diálogo y escucha activa
Negociación y acuerdos de convivencia"
ÉTICA,9,III,"Resolución de conflictos 

1. Comprensión del conflicto
Identificación de causas y emociones involucradas
Reconocimiento de las partes y sus puntos de vista
2. Elementos para resolver conflictos
Comunicación asertiva y escucha activa
Respeto, empatía y control emocional
3. Estrategias de resolución pacífica
Diálogo y negociación
Construcción de acuerdos y toma de decisiones"
ÉTICA,10°,I,"1.- La Estructura Jurídica.
     1.1.- Norma, Autoridad, Ley y sanción
     1.2 Los Derechos Humanos y los conflictos
     1.3 Mis puntos de vista, valores y principios  
     1.4 Identidad de Género  
1. Normas y convivencia social
Normas, autoridad, ley y sanción
Función de las normas en la vida social
2. Derechos Humanos y conflicto social
Fundamentos de los Derechos Humanos
Derechos humanos y resolución de conflictos
Vulneración de derechos y convivencia
3. Ética personal y toma de decisiones
Valores, principios y normas
Construcción de criterios éticos personales
Influencia de la ética en la convivencia
4. Identidad y diversidad
Identidad personal y respeto por la diferencia
Diversidad social y cultural
Dignidad humana e inclusión"
ÉTICA,10°,II,"1. Desarrollo del juicio moral
     1.1.-El valor de sí mismo  
     1.2.- La identidad, la interculturalidad y la intraculturalidad 
1.Desarrollo del juicio moral
1.1. El valor de sí mismo
Autoestima, dignidad humana y responsabilidad
1.2. Identidad y diversidad cultural
Identidad personal
Interculturalidad e intraculturalidad
1.3. Juicio moral y convivencia
Valores, respeto por la diferencia y toma de decisiones éticas"
ÉTICA,10°,III,"1.- El sentido de la vida.
      1.1.- Análisis de las condiciones integrales
      1.2.- La Disciplina
      1.3   El Proyecto de Vida.

1. El sentido de la vida
1.1. La búsqueda del sentido personal
¿Qué entendemos por sentido de vida?
Metas, propósitos y realización personal
Factores que influyen en la construcción del sentido de vida
1.2. Condiciones para el desarrollo integral
Dimensión personal, familiar y social
Bienestar físico, emocional y espiritual
Autoconocimiento y crecimiento personal
1.3. La disciplina y la construcción de hábitos
Disciplina, responsabilidad y autonomía
Toma de decisiones y manejo del tiempo
Perseverancia y cumplimiento de metas
1.4. El proyecto de vida
Identificación de intereses, capacidades y aspiraciones
Formulación de metas a corto, mediano y largo plazo
Proyecto de vida y compromiso con el entorno"
ÉTICA,11°,I,"1.- Mecanismos constitucionales
     1.1 Derecho de petición y sentencias de la corte constitucional
     1.2 Acción de tutela y la curatela
     1.3 Diálogo, negociación, discusión y debate
     1.4 Mediación y reconciliación, análisis de la J. E. P."
ÉTICA,11°,II,"1.- Construcción de Ambientes
     1.1 Valoración de la diversidad.
     1.2 Concienciación de la realidad
     1.3 Sentido de la vida
1. Construcción de ambientes para la convivencia
1.1. Valoración de la diversidad
Respeto por la diferencia
Inclusión y convivencia
1.2. Concienciación de la realidad
Análisis del entorno social
Responsabilidad y compromiso ciudadano
1.3. Sentido de la vida
Proyecto de vida
Valores y propósito personal
1.4. Transformación del entorno
Liderazgo y participación
Construcción de ambientes de paz"
ÉTICA,11°,III,"1.- Expresión e identificación
    1.1 Derecho a elegir
    1.2 Derecho a Disentir
    1.3 Orientación profesional

1. Expresión e identificación
1.1. Derecho a elegir
Autonomía personal y toma de decisiones
Libertad y responsabilidad en la elección de proyecto de vida
Influencia de factores sociales en las decisiones personales
1.2. Derecho a disentir
Libertad de pensamiento y expresión
Respeto por la diferencia de ideas
Diálogo, argumentación y convivencia democrática
1.3. Orientación profesional
Reconocimiento de intereses, habilidades y capacidades
Elección vocacional y proyecto de vida
Relación entre identidad personal y proyección social"
Filosofía,9°,I,"1. El nacimiento de la filosofía

1.1 Mito y logos

Explicación mítica del mundo
Paso del mito a la razón
Surgimiento del pensamiento filosófico

2. Los primeros filósofos
2.1 Presocráticos y sofistas
Origen de la filosofía en la naturaleza
Problema del Arjé
Sofistas y el relativismo del conocimiento

3. La filosofía clásica
3.1 Sócrates, Platón y Aristóteles
Sócrates: las 4 causas y el pensamiento científico
Platón: mundo de las ideas
Aristóteles: lógica y realidad

4. La organización del saber filosófico
4.1 Las ramas de la filosofía
Ética, metafísica, epistemología y política
La filosofía como forma de conocimiento racional
Relación entre filosofía y conocimiento humano

1. Periodo clásico de la filosofía griega
Primeros filósofos, presocráticos y sofistas
1.2.-Trilogía Clásica (Sócrates, Platón y Aristóteles)     
1.3   Las ramas que conforman la filosofía, ciencias de estructura humana
1.4   Saber filosófico, mitos y logos, razón e irracionalidad"
Filosofía,9°,III,"RENACIMIENTO Y NACIMIENTO DE LA MODERNIDAD
1. Cambio de mentalidad
Del teocentrismo al antropocentrismo
Crisis del pensamiento medieval y surgimiento del ser humano como centro del conocimiento

2. Humanismo renacentista
Giovanni Pico della Mirandola: la dignidad y libertad del ser humano
Nicolás de Cusa: los límites del conocimiento y la unidad del saber

3. Política y sociedad en el Renacimiento
Nicolás Maquiavelo: El príncipe y la teoría del poder político
Tomás Moro: la construcción de las utopías y la crítica social

4. Bases del pensamiento moderno
Razón y experiencia como fundamento del conocimiento
Inicio del pensamiento moderno y transformación de la visión del mundo
Naturalismo y culturalismo.

1.- Teología Natural

Niveles del conocimiento 
Teocentrismo y antropocentrismo
     1.3   Naturalismo y culturalismo
     1.4   Fundamentación de la conciencia Bases de la edad moderna, Criterios de razón y experiencia,"
Filosofía,10°,I,"1. Transición del pensamiento medieval a la modernidad
Renacimiento: 
paso del teocentrismo al antropocentrismo
Surgimiento del problema moderno del conocimiento y del sujeto

2. Francis Bacon: problema del método del conocimiento

Francis Bacon: Método inductivo como base del conocimiento científico
Observación y experiencia frente a los prejuicios del saber

3. René Descartes: problema del fundamento del conocimiento

René Descartes: La duda metódica como camino hacia la certeza
El “yo pienso” como fundamento del conocimiento

4. John Locke: problema del origen del conocimiento

John Locke: La mente como “tabla rasa”
El conocimiento como resultado de la experiencia

5. David Hume: problema de los límites del conocimiento

David Hume: Diferencia entre impresiones e ideas
Crítica a la causalidad y límites del conocimiento humano

1.- La Filosofía Moderna:
      1.1 Renacimiento y los modos de producción, con base en la interpretación de los niveles del conocimiento.     
      1.2 Las corrientes filosóficas de la modernidad.
      1.3 Siglo XVII Racionalismo y Empirismo.
      1.4 Método Científico y el problema del conocimiento"
Filosofía,10°,II,"1. La Ilustración y el Cuestionamiento de la Metafísica
1.1 El pensamiento de Immanuel Kant
Razón, teoría del conocimiento y crítica de la metafísica. 
1.2 El Idealismo Alemán
Principales características y representantes: Fichte, Schelling.  
1.3 El pensamiento hegeliano
La dialéctica y la filosofía de la historia. 
1.4 Críticas al idealismo alemán
Arthur Schopenhauer: voluntad y pesimismo. 
Karl Marx: materialismo histórico y crítica social.


1.- La Ilustración y el Cuestionamiento de La Metafísica.

     1.1 Idealismo Alemán
     1.2 El Pensamiento Hegeliano
     1.3 El pensamiento de Schopenhauer y Karl Marx"
Filosofía,10°,III,"1. Crisis de la modernidad y pensamiento contemporáneo
1.1 Friedrich Nietzsche
Crítica a la moral tradicional 
Nihilismo y transvaloración de los valores 
1.2 Martin Heidegger
El problema del ser 
El ser humano como existencia (Dasein) 
1.3 Jean-Paul Sartre y Albert Camus
Libertad y responsabilidad 
El absurdo de la existencia 
1.4 Escuela de Frankfurt
Crítica a la sociedad industrial 
Cultura de masas e industria cultural 
1.5 Auguste Comte
Positivismo y conocimiento científico 
Ley de los tres estados


1.- El Idealismo Trascendental

     1.1 El pensamiento de Kant
     1.2 El pensamiento de Augusto Comte
     1.3 El Positivismo y capitalismo"
Filosofía,11°,I,"1. Problema de los niveles del conocimiento y la relación entre ciencias

Epistemología: Diferencia entre ciencias naturales y ciencias humanas
Relación entre conocimiento científico y realidad social

2. Sigmund Freud: problema del sujeto y el inconsciente

Sigmund Freud: El inconsciente como estructura del psiquismo
El conflicto entre razón, deseo y comportamiento humano

3. Posturas del sujeto en la construcción del conocimiento (formación democrática)

Filosofía del conocimiento: Postura subjetiva en la interpretación de la realidad
Postura objetiva en la construcción del conocimiento y la convivencia

4. Karl Marx: problema de la sociedad y la realidad histórica

Karl Marx: Materialismo histórico: economía y estructura social
Materialismo dialéctico: cambio histórico y contradicciones sociales

1.- Los Niveles del Conocimiento, Ciencias Experimentales y Ciencias Humanas.
     1.1 Problema Histórico Social y la influencia positiva de los niveles del conocimiento.
     1.2 El Psicoanálisis
     1.3 Posturas del estudiante: subjetiva y objetiva (Proyecto de Formación Democrática)
     1.4 El Materialismo Histórico Y Dialéctico."
Filosofía,11°,II,"LÓGICA Y CONOCIMIENTO GNOSEOLÓGICO
1. Problema de la estructura del pensamiento y el lenguaje lógico

Lógica: Lógica simbólica como sistema formal del pensamiento
El silogismo como estructura del razonamiento válido

2. Problema de la esencia del conocimiento

Gnoseología: La esencia del conocimiento como problema filosófico
Relación entre pensamiento, realidad y verdad

3. Problema del origen del conocimiento

Epistemología: Origen del conocimiento en la razón o la experiencia
Fundamentos del saber humano

4. Problema de las posibilidades del conocimiento

Filosofía del conocimiento: Alcances del conocimiento humano
Límites entre verdad, interpretación y certeza


1.- EL CONOCIMIENTO GNOSEOLÓGICO, y PROPOSICIONAL

     1.1 Lógica simbólica y el silogismo  
     1.1 Consideración de la ESENCIA   
     1.2 Consideración del ORIGEN    
     1.3 Análisis de las POSIBILIDADES"
Filosofía,11°,III,"FILOSOFÍA CONTEMPORÁNEA: EXPERIENCIA, VALOR Y LENGUAJE
1. Problema de la experiencia humana y el sentido de la existencia

Fenomenología: La experiencia vivida como base del conocimiento
La conciencia y la interpretación de la realidad

2. Existencialismo: problema del sentido de la vida

Existencialismo: Libertad, elección y responsabilidad
Sentido y absurdo de la existencia humana

3. Filosofía analítica: problema del lenguaje y el significado

Filosofía analítica: Análisis del lenguaje como herramienta del pensamiento
Claridad lógica y problemas de significado

4. Filosofía latinoamericana: problema de la realidad y la identidad

Filosofía latinoamericana: Identidad cultural y pensamiento propio
Crítica a la dependencia y construcción de pensamiento latinoamericano

1.- Fenomenología y Axiología.

      1.1 Existencialismo 
      1.2 Filosofía Analítica
      1.3 Filosofía Latinoamericana
."
Lenguaje,1°,I,"Comunicación: 
Medios de comunicación y el texto informativo.
Género: 
La descripción y la fábula.
Semántica:
 La familia de las palabras.
Gramática:
Vocales - consonantes y grafema-fonema.
Ortografía:
 La sílaba, las mayúsculas y las minúsculas.
Plan lector: Los secretos del abuelo sapo"
lenguaje,primero,II,"Comunicación: 
Sistemas simbólicos ( símbolos y empaques)
Género:
La narración y sus elementos.
Semántica: 
diminutivos y aumentativos.
Gramática:
Sustantivos y verbos.
Ortografía: 
El punto, las palabras con (s,z,c,y, ll)
Plan lector: Cuentos: Los secretos del abuelo sapo."
lenguaje,primero,III,"Comunicación:
Sistemas simbólicos : Escudos y banderas.
Género: 
El texto instructivo.
Semántica: 
sinónimos y antónimos.
Gramática: 
Los adjetivos y los  pronombres.
Ortografía
combinaciones ortográficas ( ortografía con el uso de la H, c,k, b, v)
Plan lector:
 El cocodrilo amarillo en el pantano verde.  
Ensalada de adivinanzas"
Lenguaje,2°,I,"Comunicación:
-Símbolos y señales.
-Medios de comunicación.
Género:
-Género narrativo: el cuento y la descripción.
-El texto descriptivo.
Semántica:
-El significado de las palabras y el campo semántico.
Gramática:
-El abecedario y formación de palabras.
- La oración.
Ortografía:
-Clasificación de palabras según el número de sílabas.
Plan lector:
La mariquita vanidosa. Autor: María Eugenia Pereyra. Editorial: Loqueleo, Santillana."
lenguaje,2°,II,"Comunicación:
-Elementos de los medios de  comunicación.
Género:
-Género lírico: la estructura del poema.
-El texto expresivo.
Semántica:
-Los sinónimos y antónimos.
Gramática:
-Los sustantivos.
-Pronombres personales.
Ortografía:
-Las combinaciones ortográficas.
Plan lector:
-Amor se escribe con C. Autor: Andrea Serna. Editorial: Norma."
lenguaje,2°,III,"Comunicación:
-otros sistemas simbólicos: aprender a leer las señales de la naturaleza.
Género:
-Género dramático: lectura de un texto teatral y dramatizaciones.
-El texto expresivo.
Semántica:
-Palabras simples y complejas.
Gramática:
-Los adjetivos, los verbos y pronombres.
Ortografía:
-Uso de la b, v, m, n, r"
Lenguaje,3°,I,"Comunicación:
-Funciones y elementos de los medios de  comunicación.
Género:
-Género narrativo: el cuento y sus elementos.
-El texto descriptivo.
Semántica:
-Palabras derivadas (prefijos y sufijos)
Gramática:
-Los sustantivos.
-La oración.
Ortografía:
-Uso de la mayúscula..
Plan lector:
-Versos inquietos. Autor: María Fernanda Mantilla . Editorial: Norma."
lenguaje,3°,II,"Comunicación:
-Jeroglíficos y pictogramas.
Género:
-Género lírico: tipos de rimas.
-El texto informativo.
Semántica:
-Palabras homófonas y homógrafas.
Gramática:
-El artículo.
-Formas no personales del verbo.
Ortografía:
-El punto, la coma y los dos puntos.
Plan lector: 
-El lugar más bonito del  mundo. Autor: Ann Camerón. Editorial: Loqueleo, Santillana."
lenguaje,3°,III,"Comunicación:
-La sinestesia.
Género:
-Género dramático: reconocimiento del guión teatral.
-El texto expositivo.
Semántica:
-Conectores copulativos y disyuntivos.
Gramática:
-Adjetivos calificativos y determinativos.
Ortografía:
-Uso de m antes de p y b.
-Uso de la c, s, z, k o q.
Plan lector:
De noche en el bosque. Autor: Ana María Machado. Editorial: Norma
-El club de los detectives feroces. Autor: Liliana Cinetto. Editorial: Norma."
Lenguaje,4°,I,"Comunicación: 
. El lenguaje de la publicidad.
Género: Narrativo
. Mitos y leyendas
semántica:
Palabras homófonas y homógrafas. 
gramática: 
. El sustantivo
.partes de la oración.  
ortografía: 
. Signos de puntuación. 
Plan lector: Una bicicleta de tres puestos y otros relatos de vacaciones. 
Autor: Gerardo Meneses"
lenguaje,4°,II,"Comunicación: 
La caricatura. 
Género: lírico
Clasificación de los poemas.
.figuras literarias (hipérbole-símil)
semántica:
Hiperónimos e hipónimos.
gramática: 
Los pronombres. 
ortografía: 
.Acento prosódico y ortográfico. 
Plan lector: Sin era y jamás
Autor:  María García Esperón • Enrique Pérez Díaz
Editorial: Enlace"
lenguaje,4°,III,"Comunicación:
El grafiti.
Género:Dramático
.El teatro( características y técnicas)
semántica:  
.Sinonimos y antonimos. 
gramática: 
El verbo y el adverbio. 
ortografía:. 
Clasificación de palabras según su acento. 
Plan lector: Los goles de juancho
Autora: Margarita Londoño
Editorial: Norma"
Lenguaje,5°,I,"Comunicación
El texto informativo: La noticia, el anuncio publicitario, el reportaje y la encuesta (estructura, elementos principales).
El resumen: Identificación de la idea principal e ideas secundarias.
Género literario
Narrativo: El cuento policiaco y de terror (estructura, personajes, ambiente, narrador) y la novela.
Tradición oral: Mito y leyenda.
La biografía y la autobiografía.
Semántica
El adjetivo (comparativos, superlativos y despectivos) y texto descriptivo.
Gramática  
Sílabas tónicas y átonas, diptongos, triptongos e hiatos.
Ortografía
Uso de mayúsculas, el punto y la coma.
Plan lector
El principito - Autor: Antoine de Saint- Exupéry"
Lenguaje,5°,II,"Comunicación
Medios de comunicación: Las redes sociales y el cuidado con el internet.
La historieta y las onomatopeyas.
Género 
Género lírico: El poema y figuras literarias ( Personificación, símil, metáfora sencilla).
Semántica
Uso de preposiciones, conjunciones e interjecciones.
Gramática 
La oración (sujeto y predicado) y clases de oraciones.
Ortografía
Usos de la c, s y z
Plan lector
Ana Frank la voz de la memoria Autora: Elisa Puricelli Guerra"
Lenguaje,5°,III,"Comunicación 
Diversidad lingüística y cultural: Gentilicios, reconocimiento de dialectos, lenguas indígenas en Colombia, modismos, regionalismos, pidgins y lenguas criollas.
Lenguaje audiovisual y comunicación no verbal: Gestos, posturas, expresiones faciales.
Texto argumentativo: Opiniones personales y argumentos básicos. Artículo de opinión y debate.
Género
Género dramático: Obras de teatro, la escena y el monólogo.
Texto expositivo e instructivo.
Semántica
Conectores de causa y efecto.
El mapa conceptual
Gramática
Concordancia (género y número).
Ortografía
La tilde en preguntas y exclamaciones.
Plan lector
Cuentos de Oscar Wilde  Autor: David Chericián"
Lenguaje,6°,I,"Comunicación
Funciones de la Comunicación: Elementos, tipos y funciones del lenguaje.
Géneros Periodísticos: La noticia, la entrevista y el reportaje.
Género
Género Narrativo: Estructura, elementos y tipos.
Tradición oral: El mito y la leyenda colombianos.
Semántica
Organizadores gráficos: Mapa conceptual, mapa mental y cuadro sinóptico.
Gramática
Sustantivo y Adjetivo (clases, concordancia), Verbo (tiempos simples: infinitivo, presente, pasado, futuro).
Ortografía
Usos de la G y la J, el punto y la coma.
Plan lector
País de dragones Autor: Diana Chaviano.
MILTON OCHOA — Integrar dentro de los temas del Periodo 1 (13 semanas):
• COMUNICACIÓN / sem. 1-3 — Dentro de 'Funciones y elementos del lenguaje': practicar identificación de la intencionalidad comunicativa POR PÁRRAFOS O SECCIONES del texto (Pragmático)
• COMUNICACIÓN / sem. 3-4 — Dentro de 'Géneros periodísticos': analizar el TITULAR antes de leer — ¿qué propósito tiene este título? (Pragmático)
• GÉNERO NARRATIVO / sem. 5-7 — Dentro de 'Mito y leyenda colombiana': preguntas de identificación del personaje central y sus rasgos explícitos (Semántico)
• GRAMÁTICA / sem. 8-10 — Dentro de 'Verbo — tiempos simples': ejercicios de corrección de conjugación verbal en párrafos narrativos propios (Sintáctico)
• SEMÁNTICA / sem. 8-10 — Dentro de 'Organizadores gráficos': vocabulario clave — subrayado y glosario contextual en textos no literarios (Semántico CRÍTICO)
• CIERRE / sem. 11-13 — Actividad integradora: clasificar textos por contenido e intención comunicativa incluyendo un texto discontinuo (Sintáctico · Prueba 01"
Lenguaje,6°,II,"Comunicación
Las fuentes de información.
Texto informativo, instructivo y expositivo.
Textos publicitarios y descriptivos.
Género
La novela gráfica y el cómic.
Semántica
Hiperonimia/hiponimia
Gramática
Los artículos, los pronombres y los adverbios.
Ortografía
Uso de la B y la V, punto y coma, los dos puntos y las comillas.
Plan lector
Por favor. ¡no leas este libro! Autor:Jhon Fitzgerald Torres
MILTON OCHOA — Integrar dentro de los temas del Periodo 2 (13 semanas):
• COMUNICACIÓN — Fuentes de información / sem. 1-2: añadir identificación de autores o voces citadas dentro de textos expositivos (Pragmático)
• COMUNICACIÓN — Texto informativo / sem. 2-4: localización espacio-temporal sistemática en textos informativos (¿cuándo? ¿dónde?) como pregunta de comprensión (Semántico)
• COMUNICACIÓN — Texto informativo / sem. 4: pre-escritura de noticia — definir propósito, público y estructura antes de redactar (Pragmático)
• GÉNERO — Novela gráfica y cómic / sem. 5-7: ampliar con análisis de estructura narrativa visual (viñetas, secuencias, diálogos) y ordenamiento cronológico de hechos (Sintáctico + Semántico)
• GRAMÁTICA — Artículos, pronombres, adverbios / sem. 8-10: añadir actividad de planeación narrativa — listar elementos constitutivos (personaje, tiempo, espacio, conflicto, desenlace) ANTES de escribir (Sintáctico)
• ORTOGRAFÍA — B/V y puntuación / sem. 10-12: fusionar uso del punto seguido y punto aparte en producción propia + revisión de registro formal vs. coloquial (Sintáctico + Pragmático)"
Lenguaje,6°,III,"Comunicación
Lenguaje verbal y no verbal
La argumentación: Diferencia entre opinión y argumento. Expresar una posición y dar razones sencillas.
El foro y la opinión crítica
Género
Género lírico: ¿Qué es la poesía?, verso, estrofa, rima, ritmo. Figuras literarias (símil, metáfora, personificación, hipérbole, sinécdoque, sinestesia). Trovas, coplas y refranes.
Género dramático (Teatro): Características, elementos (diálogo, acotaciones), el guion teatral, roles en una obra y dramatización.
Semántica
Homónimos (Homófonas y Homógrafas)
Gramática
La oración gramatical, preposiciones, conjunciones y conectores lógicos. 
Ortografía
Uso de la C, S y Z, la tilde diacrítica, el diptongo, el hiato. El uso de los dos puntos y los puntos suspensivos.
Plan lector
El terror de sexto B Autor: Yolanda Reyes
La Rebelion en la Granja Autor: George Orwell

MILTON OCHOA — Integrar dentro de los temas del Periodo 3 (14 semanas):
• COMUNICACIÓN — Lenguaje verbal/no verbal / sem. 1-3: ampliar con historieta y caricatura — espacio-tiempo, tema general e intencionalidad por viñetas (Semántico + Pragmático)
• GÉNERO LÍRICO / sem. 4-7: dentro del análisis de figuras literarias, añadir análisis emocional — ¿qué emoción transmite esta expresión? Y preguntas de causalidad — ¿por qué ocurrió esto? (Pragmático + Semántico)
• GÉNERO DRAMÁTICO — Teatro / sem. 7-9: dentro de estructura teatral (acto, escena), añadir comprensión de partes claves con preguntas por escena + reconocimiento del tipo de texto por estructura visual (párrafo, verso, acotación, viñeta) (Semántico + Sintáctico)
• SEMÁNTICA — Homónimos / sem. 9-10: añadir continuación lógica de párrafos — el estudiante elige la idea que mejor desarrolla un párrafo incompleto (Semántico)
• GRAMÁTICA — Oración y conectores / sem. 10-12: fusionar revisión del título — ¿es pertinente y coherente con el contenido? (Semántico)
• ESCRITURA / sem. 12-14: planeación narrativa obligatoria — secuencia lógica inicio-nudo-desenlace como paso previo a la escritura (Sintáctico)"
Lenguaje,7°,I,"Comunicación
El Lenguaje y la Comunicación: verbal y no verbal (proxemia), niveles de la lengua, variedades lingüísticas, fenómenos del lenguaje.
El texto informativo y los medios de comunicación: Elementos de la comunicación, Tipos de medios (prensa, radio, TV, internet, redes sociales). Comentario periodístico.
Género
Género narrativo: Mitos y leyendas griegos y romanos y la narración de ciencia ficción, texto policiaco y terror, y elementos paratextuales.
El Texto Expositivo: Estrategias de desarrollo, lenguaje formal y objetivo. Producción de resúmenes y reseñas.
Semántica
Campo Semántico: Tipos y Aplicaciones
Gramática
Verbos (regulares/irregulares, perífrasis verbales).
Oración Simple (Sujeto, Predicado, Complementos: OD, OI, CC).
Ortografía
Reglas generales de acentuación (diptongo, hiato, agudas, graves, esdrújulas), tilde diacrítica (repaso y profundización).
Plan lector
Maus Autor: Art Spiegelman"
Lenguaje,7°,II,"Comunicación
El Proceso de Escritura y Cohesión: Mecanismos de coherencia y cohesión (conectores lógicos, modos verbales, elipsis).
Género
Género lírico: Análisis de forma (métrica, rima, ritmo) y fondo (temas, sentimientos). Figuras literarias avanzadas (antítesis, paradoja, sinestesia).
Organizadores gráficos: mapa mental, cuadro comparativo, tipo araña y telaraña.
Semántica
El Lenguaje Figurado y Simbólico: Interpretación de símbolos y alegorías.
Gramática
Oración Compuesta (coordinación: copulativas, disyuntivas, adversativas). Pronombres (clasificación completa y uso). 
Ortografía
Uso de G/J (reglas complejas), H, Y y LL. 
Plan lector
Aventuras de un niño de la calle Autor: Julia Mercedes Castilla
MILTON OCHOA — Integrar dentro de los temas del Periodo 2 (13 semanas):
• GÉNERO LÍRICO — Análisis de forma y fondo / sem. 1-4: añadir (a) intertextualidad entre dos textos del mismo género (temas, recursos, época) ; (b) intencionalidad por estrofa o sección ; (c) deducir postura emocional del autor desde el texto.(Sintáctico + Pragmático)
• SEMÁNTICA — Lenguaje figurado / sem. 4-6: añadir campo semántico aplicado — agrupar palabras y expresiones por temática dentro de textos leídos (Semántico)
• SEMÁNTICA / sem. 4-6:CRÍTICO — clasificación de tipología textual por CONTENIDO e intención comunicativa (narrativo, descriptivo, argumentativo, expositivo), NO solo por estructura formal. Afecta a toda la institución (Sintáctico)
• COMUNICACIÓN — Coherencia y cohesión / sem. 6-8: añadir pre-escritura de anuncio publicitario (producto, público, propósito) + redacción de eslogan pertinente al receptor (Pragmático)
• ORTOGRAFÍA — G/J, H, Y/LL / sem. 9-11: fusionar (a) identificación y corrección de errores de coma (enumeración, vocativo, subordinadas); (b) pares mínimos con tilde — la tilde cambia el significado (Sintáctico)"
Lenguaje,7°,III,"Comunicación
Investigación y Evaluación de Fuentes: Pasos de una investigación básica, criterios de fiabilidad y pertinencia de las fuentes. Citación y referencias bibliográficas básicas.
Comunicación Oral Estratégica: Técnicas de debate y discusión, preparación y presentación de ponencias (uso de recursos audiovisuales), escucha activa y crítica.
Género
Género dramático: La obra y el guion teatral, estructura (acto, escena, acotaciones, diálogo).
El Texto Argumentativo: Estructura (tesis, argumentos, contraargumentos, conclusión), tipos de argumentos, falacias básicas. Análisis y producción de textos de opinión.
Análisis y opinión crítica de videojuegos.
Semántica
Palabras de Escritura Dudosa y Homófonas/Parónimas.
Gramática
Oración compuesta subordinada (introducción a sustantivas, adjetivas, adverbiales) y preposiciones.
Ortografía 
Uso de R/RR y la V y B. Signos de admiración, interrogación, guión, comillas y paréntesis Puntuación (repaso y aplicación avanzada).
Plan lector
Querido hijo: Estas despedido Autor Jordi Sierra I Fabra.
El diablo de la botella Autor: Robert Louis Stevenson.
MILTON OCHOA — Integrar dentro de los temas del Periodo 3 (14 semanas):
• GÉNERO DRAMÁTICO — Obra y guion teatral / sem. 3-6: dentro de análisis de actos y escenas, añadir (a) comprensión de partes claves del relato con preguntas por escena; (b) caracterización emocional de personajes — ¿qué siente y cómo lo revela el texto? (Semántico + Pragmático)
• TEXTO ARGUMENTATIVO / sem. 6-9: fusionar (a) esquemas visuales que asocian estructura con tipo de texto (árbol argumentativo, pirámide narrativa); (b) selección y justificación del tema para texto propio ANTES de escribir (Sintáctico + Semántico)
• ANÁLISIS VIDEOJUEGOS / LENGUAJE NO VERBAL / sem. 9-11: URGENTE — ampliar con historieta y caricatura: inferir rasgos físicos y psicológicos de personajes desde imágenes y diálogos + identificar problemática social aludida (Semántico)
• SEMÁNTICA — Palabras dudosas/homófonas / sem. 10-12: añadir selección léxica — el estudiante elige entre opciones la palabra que mejor completa el sentido y tono del texto (Semántico)
• ESCRITURA — Producción / sem. 12-14: planeación de leyenda propia — listar elementos constitutivos (espacio, personajes, hechos sobrenaturales, moraleja) como paso previo obligatorio a la escritura (Sintáctico)"
Lenguaje,8°,I,"1. Comunicación
La fotografía
La escritura y las problemáticas sociales
 
2. Género
Literatura de la Conquista y la Colonia
La crónica periodística
Elementos de la narración (el narrador)
 
3. Semántica
Cohesión y coherencia
 
4. Gramática
Normas APA
 
5. Ortografía
Los signos de puntuación
La acentuación

6. Plan lector
“El gato negro y otros cuentos” Edgar Allan Poe
El fantasma de Canterville
Oscar Wilde
Editorial: Panamericana"
Lenguaje,8°,II,"1. Comunicación
Elementos de la comunicación y funciones del lenguaje
2. Tipología textual
Silueta textual (tipología textual)
El resumen (las macro reglas)
El informe
El artículo científico
 
3. Semántica
Cohesión y coherencia
 
4. Gramática
Los conectores lógicos
 
5. Literatura
El Romanticismo
El Modernismo y el Posmodernismo
6. Plan lector
“Un capitán de quince años” Julio Verne.
“La duenda” José Evelio Rosero"
Lenguaje,8°,III,"1. Comunicación
El reportaje
 
2. Tipología textual
El reportaje
El artículo de opinión
El elogio y la diatriba
 
3. Semántica
Análisis crítico de textos
Argumento y argumentación
Los dialectos y los extranjerismos
 
4. Gramática
Clases de oraciones
 
5. Literatura
Las figuras literarias
La poesía, música y literatura
La literatura contemporánea
6. Plan lector: 
“Doce cuentos peregrinos” Gabriel García Márquez"
Lenguaje,9°,I,"1. Comunicación
La exposición oral y los elementos paralingüísticos
 
2. Producción textual y gramática
Fortalecimiento de producción escrita
 
3. Semántica
Fortalecimiento de lectura crítica
Niveles de lectura inferencial y crítico
Nivel de lectura (crítico)
 
 
4. Ortografía
La acentuación
La ortografía y los signos de puntuación
 
5. Literatura
Literatura fantástica (lo maravilloso y lo extraño)
El Neoclasicismo y la Ilustración
6. Plan lector:
“Cóndores no se entierran todos los días” Gustavo Álvarez Gardeazábal"
Lenguaje,9°,II,"1. Comunicación
La intención comunicativa (El lenguaje y lo simbólico)
Espacios de opinión en video
El debate
2. Producción textual
Fortalecimiento de escritura: texto argumentativo
Tipos de argumentos
Coherencia, cohesión y pertinencia textual
Normas APA
3. Semántica
Coherencia, cohesión y pertinencia textual
4. Literatura
La tradición oral latinoamericana: mitos y leyendas
5. Plan lector:
“La rebelión de las ratas” Fernando Soto Aparicio"
Lenguaje,9°,III,"1. Comunicación
Análisis del discurso en los medios de comunicación
2. Semántica
Componentes del lenguaje
Fortalecimiento de lectura crítica
Pensamiento crítico (fortalecimiento de lectura)
Análisis del discurso en los medios de comunicación
Comentario y opinión
3. Producción textual
Texto argumentativo (fortalecimiento de escritura)
El comentario y la opinión (fortalecimiento de escritura)
El parafraseo
 
4. Literatura
Literatura latinoamericana
5.  Plan lector:
A elección de cada estudiante"
Lenguaje,10°,I,"Comunicación
Niveles de análisis (micro, macro y superestructura). Fortalecimiento de la lectura.
Género
Literatura medieval.
La biografía y la autobiografía.
Semántica 
Conectores 
Gramática 
Texto argumentativo.
Ortografía 
Normas APA.
Plan lector 
“Lunáticos, místicos y psicóticos” de Mario Mendoza. Editorial Planeta."
Lenguaje,10°,II,"Comunicación 
Análisis audiovisual (comerciales).
Género 
Siglo de oro. 
El Romanticismo en España.
El Realismo en España.
Semántica 
Figuras literarias. 
Gramática 
Tipos de oraciones (enunciativas, interrogativas, exclamativas)
Ortografía 
Usos de la coma. 
Plan lector 
Libro a elección de cada estudiante."
Lenguaje,10°,III,"Comunicación 
El cine como instrumento de crítica social.
Género 
Literatura Contemporánea. 
Reseña cinematográfica (fortalecimiento de producción textual escrita).
Semántica 
Ironía y sarcasmo en textos argumentativos. 
Gramática 
El ensayo.
Estructura del párrafo argumentativo.
Ortografía 
Uso de comillas y paréntesis.
Plan lector 
“Crónica de una muerte anunciada” de Gabriel García Márquez. Editorial Debolsillo."
Lenguaje,11°,I,"Comunicación 
Medios de comunicación masiva: contexto social, cultural y político. 
Género 
Mitologías del mundo.
Literatura griega y romana.
Tipos de texto: explicativo, descriptivo y narrativo
Semántica 
Conectores lógicos (causa, consecuencia, oposición, etc.)
Gramática
Texto argumentativo (artículo de opinión)
Ortografía 
Uso del punto y punto y coma. 
Plan lector 
“Maus” de Art Spiegelman. Editorial Penguin Random House 
“Ensayo sobre la Ceguera” de José Saramago. Editorial: Debolsillo"
Lenguaje,11°,II,"Comunicación 
Niveles de lectura (literal, inferencial y crítico)
El texto discontinuo (infografías)
Género
Propiedades del texto (Académico) 
Producción textual:  El ensayo y los tipos
Semántica 
Ambigüedad y precisión del lenguaje. 
Gramática 
Tipos de enunciados según su intención comunicativa. 
Ortografía 
Usos del punto. 
Plan lector 
Libro a elección de cada estudiante."
Lenguaje,11°,III,"Comunicación 
Análisis del discurso.
Género
El discurso de graduación.
Semántica 
La intención de los enunciados. 
El discurso y la emotividad. 
Gramática 
Modalización del discurso (verbos modales, adverbios de duda y certeza)
Ortografía 
Uso adecuado de signos de exclamación e interrogación
Plan lector 
Delirio de Laura Restrepo. Editorial Debolsillo."
MATEMÁTICAS,1°,I,"Pensamiento numérico y sistemas numéricos 
•	La decena. (Lectura y escritura - Relación de orden- Valor posicional)
•	Operaciones de adición y sustracción sin reagrupación. 
•	Planteamiento y resolución de problemas. 
•	Números ordinales. 
Pensamiento variacional y sistemas algebraicos
•	Patrones de la vida cotidiana. 
•	Secuencias numéricas hasta la decena. | Pensamiento espacial y sistemas geométricos 
•	Relaciones espaciales. (Arriba-Abajo; Cerca-lejos; Encima de- Debajo; Izquierda- Derecha; Delante, Entre; Detrás; Dentro de- Fuera; de- En borde de)
Pensamiento métrico y sistemas de medida
•	Relaciones de Medida. (Grande, mediano y pequeño; Más largo que - más corto que; Más alto que – más bajo que; Grueso – delgado)
•	Rutinas diarias. (Días de la semana: Ayer-Hoy-Mañana)
Pensamiento aleatorio y sistemas de datos 
•	Conjuntos. (Representación – Relaciones de pertenencia – Comparación- Cardinalidad) 
•	Tablas de conteo y pictogramas."
MATEMÁTICAS,1°,II,"Pensamiento numérico y sistemas numéricos 
•	La centena. (Lectura y escritura - Relación de orden- Valor posicional)
•	Operaciones de adición y sustracción con reagrupación. 
•	Planteamiento y resolución de problemas. 
•	Recta numérica.
Pensamiento variacional y sistemas algebraicos
•	Patrones arbitrarios de numeración. (Conteo de números de 1 en 1, de 2 en 2, de 3 en 3, de 5 en 5, …)
•	Anterior, siguiente, ascendente, descendente. | Pensamiento espacial y sistemas geométricos 
•	Clases de líneas. (Líneas curvas y líneas rectas - Líneas abiertas y líneas cerradas - Líneas verticales, Líneas horizontales y Líneas oblicuas - Líneas paralelas y líneas secantes)
•	Trayectorias y posiciones en un espacio circundante. 

Pensamiento métrico y sistemas de medida
•	Instrumentos de medición no estandarizados y estandarizados. 
•	Unidad de longitud. (El centímetro)
•	Unidad de tiempo. (El reloj: Horas enteras y medias)
Pensamiento aleatorio y sistemas de datos 
•	Diagramas de barras. (Lectura de diagramas de barras)"
MATEMÁTICAS,1°,III,"Pensamiento numérico y sistemas numéricos 
•	Unidad de mil. (Lectura y escritura - Relación de orden- Valor posicional)
•	Operaciones de adición y sustracción con y sin reagrupación. 
•	Planteamiento y resolución de problemas. 
•	Recta numérica.

Pensamiento variacional y sistemas algebraicos
•	Secuencias numéricas. (Secuencias ascendentes y descendentes)
Pensamiento espacial y sistemas geométricos 
•	Figuras bidimensionales. (Figuras planas: Círculo, cuadrado, rectángulo y triángulo)
•	Figuras tridimensionales (Sólidos geométricos: La esfera, el cubo, los prismas, la pirámide, el cono, el cilindro) | Pensamiento métrico y sistemas de medida
•	Unidades de tiempo. (Calendario)
•	Medidas de masa y capacidad. (La masa y el peso: Unidades básicas la libra y el kilo - Más liviano que y más pesado que; Lleno y vacío)

Pensamiento aleatorio y sistemas de datos 
•	Diagramas de barras. (Diagramas de barras horizontales y verticales; Lectura básica de los diagramas; Organización de los datos de una muestra básica en el diagrama de barras)"
MATEMÁTICAS,2°,I,"Pensamiento numérico y sistemas numéricos
Los conjuntos y sus operaciones.
 Conjuntos por extensión y por comprensión.
 Relación de pertenencia y contenencia.
 Operaciones entre conjuntos Unión e intersección.
 
Números hasta 999.
 Lectura y escritura de números hasta el 999.
 Representación gráfica de unidades, decenas y centenas.
 Clasificación de números: pares e impares
 Relaciones de orden < , > , =.
 Redondeo a la decena y a la centena.
 Representación del redondeo en la recta.
Operaciones de suma y resta.
 Algoritmo (con y sin reagrupación) y términos de la suma.
 Representación gráfica de la suma.
 Propiedades de la suma (conmutativa, elemento neutro, asociativa)
 Algoritmo (con y sin desagrupación) y términos de la resta.
 Resta con ceros en el minuendo y prueba de la operación.
 Representación gráfica de la resta.
 Situaciones de aplicación para la suma y la resta. | Pensamiento variacional y sistemas algebraicos
 Estimación y redondeo en sumas y restas
 Redondeo de números a la decena y centena más cercana.
 Estimación de resultados aproximados en sumas y restas.
 Patrones numéricos (crecientes, decrecientes, alternados)
 
Pensamiento espacial y sistemas geométricos
Figuras planas y cuerpos geométricos (2D y 3D)
Punto, recta, semirrecta y segmento de recta.
Ángulos (definición y clasificación básica por medida).
 
Pensamiento métrico y sistemas de medidas
Unidades de tiempo (días de la semana, calendario, horas enteras y medias).
 
Pensamiento aleatorio y sistemas de datos
Análisis de pictogramas (a escala).
Organización de datos en tablas.
Tablas de datos a diagramas de barras.
Organización de datos en tabla."
MATEMÁTICAS,2°,II,"Pensamiento numérico y sistemas numéricos
Números hasta 9.999.
Lectura, escritura y descomposición de números hasta 9.999, reconociendo unidades, decenas, centenas y unidades de mil.
 Resolución de situaciones problema que implican la suma y la resta (con y sin reagrupación), usando diversas estrategias y representaciones.
La multiplicación
 La multiplicación como adición de sumandos iguales.
 Multiplicación por cero y uno.
 Tablas de multiplicar hasta el 9.
 Multiplicación por números de una cifra.
 Multiplicación por decenas exactas.
 Propiedades de la multiplicación (conmutativa y asociativa)
 Identificación de situaciones de aplicación.
 Multiplicación por números de dos cifras (algoritmo y herramientas)
 Situaciones de aplicación para la multiplicación.
 Proceso de Multiplicación (algoritmo y herramientas)
 Multiplicaciones abreviadas (10, 100, 1000).
 
Pensamiento variacional y sistemas algebraicos
 Reconocimiento de patrones numéricos en las tablas de multiplicar
 Secuencias numéricas crecientes y decrecientes con múltiplos. | Pensamiento espacial y sistemas geométricos
 Lugar y posición.
 Coordenadas básicas: fila y columna.
 Ubicación de objetos en un plano o cuadrícula.
 Desplazamientos (arriba, abajo, derecha, izquierda).
 Simetría en figuras (reflejo).
 Pensamiento métrico y sistemas de medidas
Medición de longitudes en objetos y espacios del entorno.
 Uso de instrumentos de medición (regla, cinta métrica, cuerda, entre otros).
 Medidas estandarizadas (metro, centímetro) y no estandarizadas (palmas, pies, pasos, cuerdas).
 Conversión de unidades de longitud: metro a centímetro.
 Cálculo del perímetro de figuras planas.
 Estimación y comparación de longitudes.
 Pensamiento aleatorio y sistemas de datos
Recopilación de datos (encuestas simples)
Diagramas de puntos
Tablas de frecuencia
Análisis e interpretación de información
 Traducción entre diagramas y tablas"
MATEMÁTICAS,2°,III,"Pensamiento numérico y sistemas numéricos.
 Multiplicación
 Resolución de problemas de multiplicación en contextos cotidianos, aplicando estrategias concretas, las propiedades de la operación y el uso de las tablas.
 División
 División exacta por una cifra: términos y algoritmos.
 División con dos cifras en el dividendo (exactas e inexactas).
 Identificación y uso de los términos de la división (dividendo, divisor, cociente, residuo).
 Resolución de situaciones problema que implican la división.
 Diferenciación entre divisiones exactas e inexactas.
  Pensamiento variacional y sistemas algebraicos.
Reconocimiento y aplicación de patrones numéricos crecientes y decrecientes.
 Identificación de secuencias multiplicativas (por 2, 5, 10, etc.).
 Uso de patrones para facilitar el cálculo en multiplicación y división.
 Resolución de situaciones que impliquen regularidades numéricas. | Pensamiento métrico y sistemas de medidas.
 Reconocimiento de instrumentos de medición de masa y capacidad.
 Definición y uso de las unidades: gramo, kilogramo, libra, litro y mililitro.
 Cálculo del perímetro y su diferencia con el área.
 Reconocimiento del área como cantidad de unidades cuadradas que cubren una figura.
 Aplicación de fórmulas para hallar el área de cuadrados, rectángulos y triángulos.
 
 Pensamiento espacial y sistemas geométricos.
• Ubicación de puntos en el plano cartesiano (cuadrícula).
• Lectura e interpretación de coordenadas (fila y columna).
• Direcciones y desplazamientos: arriba, abajo, derecha, izquierda, diagonales.
• Seguimiento de trayectorias y rutas sobre el plano.
 
 Pensamiento aleatorio y sistemas de datos.
 
• Reconocimiento de todos los posibles resultados que pueden ocurrir al realizar un experimento sencillo (espacio muestral).
• Clasificación de sucesos como seguros, posibles, poco probables e imposibles.
• Representación y análisis de situaciones de probabilidad sencillas.
• Interpretación de afirmaciones probabilísticas en contextos escolares y cotidianos."
MATEMÁTICAS,3°,I,"Pensamiento numérico y sistemas numéricos 
-Números hasta 999.999.
Lectura y escritura de estos números.
Relaciones de orden <, >, =
Valor posicional.
Operaciones de suma y resta: 
Algoritmo (con y sin reagrupación) para la suma.
Algoritmo (con y sin des agrupación) y términos de la resta.
Sumas y restas utilizando la tabla de valor posicional.
Situaciones de aplicación para la suma y la resta.
Operaciones combinadas
Estimación de resultados.
-La Multiplicación.
Tablas de multiplicar (como suma repetida)
Términos y algoritmo (por dos y tres cifras)
Propiedades de la multiplicación (conmutativa, modulativa, asociativa)
Cálculo mental y multiplicaciones abreviadas (10, 100, 1000…y factor que termina en cero(s))
Situaciones de aplicación para solución con solo multiplicación.
Situaciones de aplicación con más de una operación para su solución.
Patrones numéricos de suma, resta y producto.
Pensamiento variacional y sistemas algebraicos
-Los conjuntos.
Operaciones entre conjuntos: unión, intersección y diferencia. | Pensamiento espacial y sistemas geométricos 
Elementos geométricos.

Pensamiento métrico y sistemas de medida
Herramientas de medición, características y usos (regla, escuadra, transportador)
Los ángulos y su clasificación por medida.
Construcción de ángulos múltiplos de 30°

Pensamiento aleatorio y sistemas de datos 
-Interpretación de gráficos y muestras de datos.
Construcción de tablas de datos y frecuencias.
Conversión tablas a diagramas de barras y viceversa.
Reconocimiento de la moda.
Análisis de pictogramas."
MATEMÁTICAS,3°,II,"Pensamiento numérico y sistemas numéricos 
La División.
Definición, elementos, clasificación y algoritmo (con una cifra en el divisor).
División con dos cifras en el divisor (algoritmo y herramientas).


Pensamiento variacional y sistemas algebraicos
Equivalencia entre expresiones numéricas | Pensamiento espacial y sistemas geométricos
Elementos geométricos.

Pensamiento métrico y sistemas de medida
Unidades de longitud (múltiplos y submúltiplos)
Perímetro 

Pensamiento aleatorio y sistemas de datos 	
-Eventos medibles
Espacio muestral de un evento.
-Eventos posibles, imposibles o seguros"
MATEMÁTICAS,3°,III,"Pensamiento numérico y sistemas numéricos
Los fraccionarios
Fracción como parte de la unidad y como parte de un conjunto.
Fracciones homogéneas.
Fracciones equivalentes.
Comparación de fracciones.
Suma y resta de fracciones homogéneas.

Situaciones de aplicación
Reconocimiento operacional desde el lenguaje natural.
Solución de situaciones con una y dos operaciones.

Pensamiento variacional y sistemas algebraicos

Equivalencia entre fracciones | Pensamiento aleatorio y sistemas de datos 
-Probabilidad.
Construcción de probabilidades a partir de la fracción.

Pensamiento espacial y sistemas geométricos
- Elementos geométricos
Elementos del círculo.
Clasificación de poliedros y cuerpos redondos.

Pensamiento métrico y sistemas de medida
Unidades cuadradas (centímetros y metros cuadrados)
Área de cuadrados, rectángulos, triángulos y figuras integradas."
MATEMÁTICAS,4°,I,"Pensamiento numérico y sistemas numéricos 
 Los números Naturales (N).
 Orden y recta numérica.
 Organización, lectura y escritura de los números.
Suma, resta y combinación de las dos.
Multiplicación, división y relación entre las dos.
Propiedades de la suma y la multiplicación.
Jerarquía de las operaciones.
Situaciones de Aplicación.
Lenguaje natural en lenguaje operativo.
Problemas con una operación y relación de operaciones.
Pensamiento variacional y sistemas algebraicos
Series numéricas. | Pensamiento espacial y sistemas geométricos
Los ángulos: clasificación y construcción.
Construcción de polígonos.
 Pensamiento métrico y sistemas de medida

Unidades de masa.
 
Pensamiento aleatorio y sistemas de datos

 Encuesta, población y muestra.
Construcción de tablas de doble entrada (contingencia).
 Conversión de tabla a diagrama de barras y viceversa."
MATEMÁTICAS,4°,II,"Pensamiento numérico y sistemas numéricos
 Múltiplos y Multiplicaciones abreviadas.
Divisores de un número.
Criterios de Divisibilidad (2, 3, 5, 6, 10).
 Números primos y números compuestos.
Descomposición en factores primos.
 Mínimo común múltiplo (m.c.m) y Máximo común Divisor (M.C.D).
 Situaciones de aplicación.
 Pensamiento variacional y sistemas algebraicos
 Patrones numéricos con tablas y reglas verbales. | Pensamiento espacial y sistemas geométricos
 Traslación, rotación y reflexión.
Cuerpos sólidos: poliedros y cuerpos redondos.
 
Pensamiento métrico y sistemas de medida

 Unidades de superficie y de volumen.
 
Pensamiento aleatorio y sistemas de datos
 
 Medidas de tendencia central: moda, media y mediana.
Tabla de datos a diagrama y viceversa."
MATEMÁTICAS,4°,III,"Pensamiento numérico y sistemas numéricos

  Los números fraccionarios.
 Definición, Términos, representación y clasificación.
 Fracción de un número y números mixtos.
 Fracciones equivalentes, Amplificación y simplificación,
 Comparación de fracciones y representación.
 Suma y resta de fracciones homogéneas y heterogéneas.
Multiplicación y división de fracciones.
Operaciones combinadas.
 Fracciones decimales.
 Conversión de fracción decimal a decimal y viceversa.
Números decimales.
 Comparación y orden.
Suma y resta de decimales.
 Multiplicación de un decimal por un natural.
 Multiplicación de un decimal por números como 10, 100, 1000… | Pensamiento espacial y sistemas geométricos
·Ampliación y reducción.
 Pensamiento métrico y sistemas de medida
 
Unidades de capacidad y temperatura.

 Pensamiento aleatorio y sistemas de datos
 
Situaciones determinísticas y aleatorias.
Campo muestral.
·Probabilidad básica."
MATEMÁTICAS,5°,I,"Pensamiento numérico y sistemas numéricos
 Los números Naturales.
Tablas de multiplicar (repaso general)
Orden y comparación.
 Operaciones básicas y propiedades.
 Polinomios aritméticos orden de las operaciones.
 Situaciones de aplicación en contexto
 Operaciones especiales.
 Potenciación, radicación y logaritmación.
Pensamiento variacional y sistemas algebraicos
 La ecuación.
  Solución de ecuaciones de una incógnita en contexto natural.
Transformación del lenguaje natural al lenguaje algebraico.
Situaciones de aplicación. | Pensamiento espacial y sistemas geométricos
 Figuras congruentes y semejantes.
 
Pensamiento métrico y sistemas de medida

 Unidades de longitud y conversión. Perímetro.
 Unidades de superficie y sus conversiones.
 Área de figuras planas. (problemas de aplicación).
 
Pensamiento aleatorio y sistemas de datos

 Variables estadísticas: Cuantitativas y cualitativas.
 Construcción de Tabla de frecuencias.
Medidas de tendencia central."
MATEMÁTICAS,5°,II,"Pensamiento numérico y sistemas numéricos

Descomposición en Factores Primos
 Mínimo común múltiplo y Máximo común Divisor.
Situaciones de aplicación.
 Números Racionales (hacia la fracción)
Clasificación, comparación y representación en la recta.
Fracciones equivalentes, simplificación y amplificación.
 Operaciones con números fraccionarios y números mixtos.
 Polinomios aritméticos de fracciones.
Situaciones de aplicación en contexto
Pensamiento variacional y sistemas algebraicos
 Razones y proporciones.
 Tablas proporcionales. | Pensamiento espacial y sistemas geométricos
Movimiento en el plano cartesiano (traslación, simetría y rotación)
 Pensamiento métrico y sistemas de medida
 
·Unidades de capacidad, masa y temperatura (con problemas de aplicación).
 Unidades de volumen y sus conversiones.
 Pensamiento aleatorio y sistemas de datos
Análisis estadístico.
Diagramas de barras y diagramas de líneas (problemas de análisis estadístico).
Diagramas circulares."
MATEMÁTICAS,5°,III,"Pensamiento numérico y sistemas numéricos

  Números Racionales (hacia el decimal)
 Orden, comparación y ubicación en la recta número decimal.
Conversión fracción a decimal.
 Operaciones de números decimales, fracciones y porcentajes.
 Producto y División de decimales con potencias de 10.
 Situaciones de aplicación en contextos
Pensamiento variacional y sistemas algebraicos
Regla de tres simples, inversa y situaciones de aplicación.
 El porcentaje.
Situaciones de aplicación. | Pensamiento espacial y sistemas geométricos
Homotecia.
 Pensamiento métrico y sistemas de medida 
Volumen de prismas, pirámides, cilindros, conos y esferas.
Pensamiento aleatorio y sistemas de datos
 Situación aleatoria y determinística.
Probabilidad de sucesos aleatorios simples"
MATEMÁTICAS,6°,I,"Números Naturales.
Suma y resta de Números Naturales con sus respectivas propiedades.
Ecuaciones aditivas
Multiplicación y división de los naturales con sus respectivas propiedades.
Ecuaciones multiplicativas.
Polinomios aritméticos.
Potenciación y propiedades 
Radicación y logaritmación con sus respectivas propiedades.
Situaciones de aplicación para números naturales.
Múltiplos, Divisores y Criterios de Divisibilidad.
Números primos, números compuestos y descomposición en factores primos.
Mínimo común múltiplo (m.c.m) y Máximo Común Divisor (M.C.D)
Situaciones de aplicación. | Elementos Geométricos.
Rectas paralelas y perpendiculares.
Polígonos y circunferencia
Los cuadriláteros (caracterización)
Plano cartesiano (traslación, rotación y reflexión)
Análisis estadístico.
Arreglo por frecuencias."
MATEMÁTICAS,6°,II,"Los números fraccionarios.
Caracterización, comparación, representación y fracciones equivalentes.  
Significados: parte de todo, operador, razón y cociente.
Suma y resta de fracciones y Ecuaciones aditivas.
Multiplicación y división de fracciones y Ecuaciones multiplicativas
Polinomios aritméticos.
Potenciación de fracciones.
Situaciones de aplicación.

Números Decimales.
Fracciones decimales.
Números decimales y su clasificación.
Orden y representación de los números decimales.
Suma, resta y multiplicación de números decimales y Ecuaciones aditivas. | Elementos geométricos.
Unidades de longitud y perímetro (con conversiones).
Unidades de área, relación entre perímetro y área (con problema de aplicación).
Área de polígonos regulares y del círculo.
Análisis estadístico.
Diagrama de barras
Diagramas circulares 
Diagrama de líneas."
MATEMÁTICAS,6°,III,"Números Decimales.
Multiplicación y división de números decimales y ecuaciones multiplicativas.
Conversión decimal a fracción y viceversa.
Números enteros.
Números relativos y números signados.
Números enteros, caracterización, representación y orden.
Valor absoluto.
Suma y resta de números enteros y ecuaciones aditivas.
Multiplicación y división de enteros y ecuaciones multiplicativas.
Potenciación de números enteros.
Polinomios aritméticos con números enteros. | Elementos geométricos.
Caracterización y clasificación de los cuerpos sólidos.
Unidades de volumen y sus conversiones.
Volumen en poliedros.
Unidades de capacidad,  masa y peso (con sus respectivas conversiones).
Análisis estadístico.
Medidas de tendencia central en datos no agrupados.
Tablas y gráficas de datos no agrupados.
Experimentos aleatorios y determinísticos.
Noción de probabilidad."
MATEMÁTICAS,7°,I,"Números Enteros.
Números enteros, caracterización, representación, orden y recta numérica
Valor absoluto.
Suma y resta de números enteros, ecuaciones aditivas y situaciones de aplicación.
Multiplicación y división de enteros, ecuaciones multiplicativas y situaciones de aplicación.
Potenciación y radicación de números enteros.
Polinomios aritméticos.
Números Racionales.
Números racionales, caracterización, propiedades,  representación y orden.
Representación decimal de los números racionales.
Conversión fracción a decimal y viceversa, en los racionales. | Suma y resta de números racionales y ecuaciones  aditivas.
Multiplicación y división de racionales  y ecuaciones multiplicativas.
Elementos geométricos.
Triángulos con sus líneas y puntos notables.
Cuadriláteros, caracterización y clasificación.
Análisis estadístico.
Tablas de frecuencias 
Medidas de tendencia central para datos no agrupados."
MATEMÁTICAS,7°,II,"Números racionales.
Potenciación y radicación de números racionales.
Situaciones de aplicación.
Razón y proporción.
Razones y proporciones, definición y propiedades.
Relaciones proporcionales, variable dependiente e independiente, gráfica.
Proporcionalidad directa y regla de tres directa.
Proporcionalidad inversa y regla de tres inversa.
Situaciones de aplicación. | Elementos geométricos.
Congruencia y semejanza de polígonos.
Teorema de Pitágoras
Situaciones de aplicación.
Análisis estadístico
Medidas de dispersión para datos no agrupados.
Análisis de gráficos estadísticos."
MATEMÁTICAS,7°,III,"Razones y proporciones.
Regla de tres compuestas.
Situaciones de aplicación.
Porcentajes y  situaciones de aplicación. 
Situaciones de reparto proporcional.
Elementos geométricos.
Teorema de Pitágoras y Situaciones de aplicación.(estaba en el 2 perdido y lo traslade 3 p)
Movimientos y transformaciones isométricas
Área de polígonos. | Área de poliedros y cuerpos redondos
Unidades de volumen.
Volumen para poliedros y cuerpos redondos.
Análisis estadístico.
Espacio muestral y eventos
Probabilidad de eventos simples.
Probabilidad de eventos compuestos."
MATEMÁTICAS,8°,I,"Los números reales.
Los números racionales (Q)
Los números Irracionales (I)
Situaciones de aplicación
Conformación, orden, operaciones  y propiedades  de los números reales.
Los intervalos.
Potenciación con números Reales (propiedades y reducción)
Radicación con números Reales (propiedades y reducción)
Elementos algebraicos
Caracterización de las expresiones algebraicas | Suma y resta de polinomios.
Elementos geométricos.
Elementos básicos de la geometría
Análisis estadístico
Interpretación de tablas y gráficos
Medidas de Tendencia central"
MATEMÁTICAS,8°,II,"Los Números Reales
Notación científica
Ecuaciones e inecuaciones lineales con coeficientes enteros y fraccionarios
Situaciones de aplicación.
Elementos algebraicos
Multiplicación de polinomios
Productos notables
Triángulos Pascal
División de polinomios | Elementos Geométricos.
Clasificación de los ángulos.
Rectas paralelas, perpendiculares y  transversales.
Análisis estadístico.
Técnicas de Conteo (principios de la adición y multiplicación; permutaciones y combinaciones sin repetición)
Experimento aleatorio y espacio muestral"
MATEMÁTICAS,8°,III,"Elementos Algebraicos.
División de polinomios 
Casos de factorización: 
Factor común y factor común por agrupación.
Diferencia de cuadrados.
Factorización de trinomios
Suma y diferencia de cubos.
Situaciones de aplicación: área, perímetro y volumen. | Elementos geométricos.
Congruencia y semejanza de triángulos.
Teorema de Thales y aplicación del Teorema de Pitágoras
Análisis estadístico
Probabilidad de eventos simples
Probabilidad de eventos compuestos y excluyentes"
MATEMÁTICAS,9°,I,"Conjuntos Numéricos.
Números Reales, propiedades y operaciones
Potenciación: propiedades  y reducción.
Radicación: propiedades, reducción y operaciones
Racionalización.
Números Complejos
Operaciones y representación de números complejos.
Series y sucesiones
Aritméticas y geométricas | Elementos geométricos.
Sistemas de medida y conversión.
Volumen de cuerpos sólidos.
Análisis Estadístico
Clases de variables
Interpretación de diagramas (barras, lineal, circular) en datos agrupados y no agrupados."
MATEMÁTICAS,9°,II,"La Ecuación.
La recta y su pendiente.
Ecuaciones de una recta.
Rectas paralelas y perpendiculares.
Ecuaciones lineales con dos variables.
Solución gráfica de un sistema 2x2.

Elementos geométricos.
Proporcionalidad y semejanza.
Criterios de semejanza y proporcionalidad | Semejanza de triángulos 
Situaciones de aplicación.
Análisis Estadístico.
Medidas de tendencia central (en datos agrupados y no agrupados)
Medidas de posición(en datos agrupados y no agrupados)"
MATEMÁTICAS,9°,III,"Solución de sistemas de Ecuación
Métodos de solución de sistemas de ecuaciones.
Situaciones de aplicación de métodos de Solución.

 La función:
Caracterización y representación (sagital, tabulado, gráfica, algebraica)
Función creciente y decreciente.
Función lineal y afín.
Función cuadrática
Función exponencial.
Función logarítmica. | Elementos Geométricos.
El círculo y la circunferencia (caracterización)
Recta tangente a la circunferencia.
Cuerda, arcos y  ángulos centrales. 

Análisis estadístico.
Medidas de dispersión. (en datos agrupados y no agrupados)
Diagrama de caja y bigotes."
MATEMÁTICAS,10°,I,"Aplicaciones con ángulos.
Ángulos en posición Normal, Ángulos coterminales, Ángulo de Referencia.
Probabilidad:
Espacio muestral.
Probabilidad simple. | Triángulos Rectángulos:
Clasificación general de triángulos por longitud de lados y medida de ángulos.
Teorema de Pitágoras.
Razones trigonométricas y situaciones de aplicación.
Triángulos especiales:
Generalidades y sus razones trigonométricas.
Triángulos Oblicuángulos:
Ley del seno y aplicaciones.
Ley del coseno y aplicaciones.
Análisis de gráficos estadísticos:
Diagrama circular y de barras."
MATEMÁTICAS,10°,II,"La recta:
Punto medio, distancia y situaciones de aplicación.
Funciones trigonométricas:
Comportamiento en los cuadrantes.Ángulo de referencia.
Valores de la función para ángulos múltiplos de 30° y 45°. | La circunferencia:
Tipos de Ecuaciones y conversión entre ellas.
Situaciones de geometría analítica.
Medidas de tendencia central:
Deducción e interpretación de MTC en arreglos uno a uno y arreglos por frecuencias.
Identidades trigonométricas:
Identidades básicas, métodos de comprobación."
MATEMÁTICAS,10°,III,"Cónica la parábola:
Tipos de Ecuaciones y conversión entre ellas.
Situaciones de geometría analítica y aplicaciones de la vida real.
La Función:
Expresión algebraica y gráfica, Dominio y Rango.
Clases de funciones (lineal, cuadrática y racional)
La función trigonométrica:
Función del Seno y del Coseno: gráfica, Dominio, rango, cortes en y y en x, paridad, periodo, amplitud, máximos, mínimos y crecimiento. 
Transformaciones de la funciones seno y coseno. | Función tangente: gráfica, Dominio, rango, cortes en y y en x, paridad, periodo, amplitud, máximos, mínimos y crecimiento.
Transformaciones de la función tangente. 
Sucesos experimentales:
Espacio muestral y técnicas de conteo
Permutación y combinación
Secciones cónicas la elipse  y la hipérbola:
Tipos de Ecuaciones y conversión entre ellas.
Situaciones de geometría analítica y aplicaciones de la vida real."
MATEMÁTICAS,11,I,"Teoría de conjuntos:
Operaciones y sus representaciones.
Problemas de aplicación.
Intervalos y su representación (gráfica y notación de conjunto).
Operaciones de intervalos.
Desigualdades:
Desigualdades Lineales, dobles.
Desigualdades cuadráticas.
Funciones.
Dominio, rango, par e impar. | Función lineal y afín  (gráfica, dominio, rango, transformaciones y aplicaciones).
Función cuadrática (gráfica, dominio, rango, transformaciones y aplicaciones ).
Función racional (gráfica, dominio, rango, transformaciones y aplicaciones).
Función radical (gráfica, dominio, rango, transformaciones y aplicaciones).
Función valor absoluto (gráfica, dominio, rango, transformaciones y aplicaciones).
Probabilidad:
Técnicas de conteo y espacio muestral.
Probabilidad condicional. 
Probabilidad:
Situaciones de aplicación."
MATEMÁTICAS,11,II,"Función: 
Función exponencial (gráfica, dominio, rango, transformaciones y aplicaciones).
Función a trozos (gráfica, dominio, rango, transformaciones y aplicaciones).
Composición de funciones.
Función inversa.
El límite:
Nociones del límite de una función (definición, límite por tabulado, límite gráfico).
Propiedades de los límites.
Sustitución directa y forma 0/0. | Estadística descriptiva:
Análisis MTC, dispersión y posición.
Probabilidad:
Sucesos dependientes e independientes.
Probabilidad condicional.
Probabilidad de tablas de contingencia.
Trazado de gráficas de funciones polinómicas: 
Dominio y Cortes con X y con Y.
Asíntotas verticales y horizontales.
Puntos críticos, máximos, mínimos y puntos de Inflexión.
Intervalos de crecimiento y decrecimiento.
Intervalos de concavidad."
MATEMÁTICAS,11,III,"Límites:
Límites laterales.
Continuidad de una función.
Límites al infinito.
Límites infinitos.
Aplicaciones de la derivada:
Criterio de la primera derivada.
Situaciones de razón de cambio.
Problemas de máximos y mínimos.
Criterio de la segunda derivada. | La derivada:
Derivada como pendiente de la recta tangente (Método del límite).
Reglas de derivación (potencia, suma resta, producto, cociente).
Aplicación de la derivada: ecuación de la recta tangente a una curva en un punto.
Regla de la cadena.
Derivación implícita.
Tablas de contingencia: 
Construcción de tablas de contingencia."
Idioma extranjero: inglés,PreJardín,I,"Function Language | Vocabulary
Functional Language: Descriptions 
Verb to be
Present Simple | Parts of the school.
Primary colors (yellow, blue, red)
Family members (mother and father)"
Idioma extranjero: inglés,PreJardín,II,"Function Language | Vocabulary
Functional Language: counting  
Verb to be
Present Simple | Numbers from 1 to 5. Expressions like: what number is this?
Animals.
Body parts.
Color combination. Colors around me. The color wheel."
Idioma extranjero: inglés,PreJardín,III,"Function Language | Vocabulary
Functional Language: Descriptions 
Verb to be
Present Simple | Numbers 6 to 10.
Shapes"
Idioma extranjero: inglés,Jardín,I,"Knowing my school
Function Language | Vocabulary
May I go to the bathroom?
May I drink water?
Can you tie my shoe?
Tie my shoelaces, please | Classroom Rules.
Parts of the school.
School supplies. 
Numbers from 1 to 10 (it will be integrated into the theme Classroom rules, parts of the school, and school supplies).
Professions 
Main of transport
Contents of the project:
Raise your hand, make a line to go out, stay together to the group, organize the classroom, speak with a calm voice, treat your friends with respect, take out your agenda, take out your book or notebook, take out your pencil case, wash your hands, sit down properly, sit down
Stand up, make a circle, clean up, silence please, and wash your teeth."
Idioma extranjero: inglés,Jardín,II,"I play with my body
Function Language | Vocabulary
Parts of the body: legs, head, 
Parts of the face: eyes, nose, mouth, ears, 
Feeling and emotions (adjectives): happy, sad, angry, sleepy
Healthy Food: vegetables, proteins, and fruits.
Calming strategies
Numbers from 10 to 19 | Numbers from 10 to 19 
Colors
Sense
Emotions and feelings
Body parts 
How are you feeling?
How are you?
What are some important things about your body?
What are the parts of your body?
How can you take care of your body? 
What food can you eat to take care of your body?
What can we do with our hands, ears, eyes, nose, and mouth?
How many parts of your body can you name?"
Idioma extranjero: inglés,Jardín,III,"Taking care of my environment.
Function Language | Vocabulary
How can I help the environment, from my role as a student, as a member of my family, and at the same time, taking care of myself and others? | Family numbers (10,20,30,40,50)
Geometric figures: circle, square, triangle.
How is your environment?
How do you take care of it?
What animals do you know?
How do you take care of them?"
Idioma extranjero: inglés,Transición,I,"Function Language | Vocabulary
Gramática
My name is…
I am a boy/girl
My favorite toy is…
My favorite game is... 
Inglés en la práctica
My favorite toy is a doll.
My favorite game is the see-saw.
Jump three (3) times.
Touch your nose!
My ball is blue. My ball is big and round. | Classroom Rules.
Parts of the school.
School supplies. 
Days of the week (Monday, Tuesday, Wednesday, Thursday, Friday, Saturday, Sunday, 
What day is today? What day was yesterday? What day will be tomorrow?
Months of the year (January, February, March, April, May, June, July,August, September, October, November, December. 
What month is it now?
Partes del cuerpo / parts of the body: face: eyes, mouth nose
Body: head, shoulders, knees, toes.
Formas / Shapes: circle, triangle, square
Adjetivos / Adjectives: Big- small - round - square
Números / Numbers: 1 to 29
Juguetes / Toys: Ball, doll, bike, car, action figure.
Colores / Colors: Yellow, blue, red
Acciones / Actions: Push, Pull, Jump, Play,Run
Juegos / Game: Playground, field, swings, see-saw
Daily routine"
Idioma extranjero: inglés,Transición,II,"Function Language | Vocabulary
Gramática
Are you… ?
Yes, I am / No, I’m not
How are you?
How do you feel?

Imperativos / Imperatives
(instrucciones de clase): stand up / sit down / color, etc.
Inglés en la práctica
How do you feel today?
I feel happy
How are you today?
I am happy | Adjetivos para expresar emociones / adjectives to express emotions: Happy, excited, surprised, sad, scared, tired
Colores / Colors: Repasar: yellow, blue, red. Introducir: green, orange, purple.
Posición / Positions: Up-down
Materiales / Materials: Playdough, clay, paint, paper.
Números / Numbers: 30, 40, 50 
Expresiones: I am… (happy. ) I feel… (sad)
Personal information:
What’s your name? 
How old are you / is he/she?
What´s your father´s name? 
What´s your mother´s name? 
How many brothers and sister do you have?
What’s your favorite color/ food/ animal/ sport?

What do you want to be?
Actions   (run, eat, play, dance, walk, sing, read, write)
Family members 
Partes de la casa / parts of the house
Living room, kitchen, bedroom, and bathroom.
Jobs in the community (Doctor, nurse, fireman, police man, farmer, teacher, vet, chef."
Idioma extranjero: inglés,Transición,III,"Function Language | Vocabulary
Gramática
Like / doesn’t like
My family likes / doesn´t like parties.
How old are you / is he/she?
I/he/she am/is __ years old 
Imperativos
(instrucciones de clase)

Expresiones
I want to be a …. (doctor. 
I am a student | Clasificación de animales / animal classification
Wild – Domestic
Animales /Animals:
Dog, cat, rabbit, fish, turtle, cow, bull, goat, donkey. Jaguar, snake, pink dolphin, monkey, parrot, bird.
Paisaje natural / Natural landscape
Tree, stem, leaf, flower, fruit, Sea, sea life
Posición / Positions
Left – right
Acciones / Actions
Jump, fly, crawl, eat, swim, grow, stomp, pick up the trash, throw garbage in the can, Litter, put away 
Numbers 60,70,80,90"
Religión,1°,I,La vida y sus manifestaciones.
Religión,1°,II,La vida y obra de Jesús
Religión,1°,III,La vida crece en la Iglesia.
Religión,2°,I,La amistad entre las personas y con Dios.
Religión,2°,II,La amistad en la vida de Jesús.
Religión,2°,III,La amistad con Dios crece en la Iglesia.
Religión,3°,I,La celebración en la vida de las personas y del pueblo de Israel.
Religión,3°,II,La celebración en la vida de Jesús.
Religión,3°,III,Las celebraciones en la vida de la Iglesia.
Religión,4°,I,La vocación como realización de la persona y del pueblo de Dios.
Religión,4°,II,"La vocación de Jesús: propuesta de vida para el ser humano.
PERIODO III
Nombre del área: Religión | Grado: | 4°     HS: 2
Objetivos para el grado: Valoran el trabajo de cada persona como camino de realización y servicio/Valoran la vocación cristiana en sus diversas formas dentro de la Iglesia como expresión de servicio y amor al prójimo.
Valoran la vocación cristiana en sus diversas formas dentro de la Iglesia como expresión de servicio y amor al prójimo.
Estándares Básicos de Competencias (EBC): Conocen aspectos centrales acerca de aquello que los cristianos, basados en la palabra de Dios, creen y practican con respecto a la vida entendida como llamado de Dios al ser humano para realizar una misión; conocer las diversas vocaciones que realizan esa misión y relacionarlas con las narraciones bíblicas, con los signos y acciones litúrgicas, con las acciones morales y las fórmulas que expresan esas convicciones.
COMPETENCIAS A DESARROLLAR
VALORACIÓN DE ARGUMENTOS- MULTIPERSPECTIVISMO-PENSAMIENTO SISTÉMICO
Componentes y desempeños
Antropológico | Bíblico | Cristológico | Eclesiológico
Explico las motivaciones de las acciones que promueven el desarrollo personal.
Hago oración personal como un medio para encontrar la voluntad de Dios. | Reconozco que Dios sigue presente y actúa en nuestra historia.
Reconozco la necesidad de vivir en alianza con Dios. | Elijo a Jesús como modelo de vida.
Invoco a Jesús y a la Virgen María como fuentes de ayuda en el desarrollo personal. | Identifico la acción del Espíritu Santo en la vida de la iglesia.
Respeto y valoro las confesiones religiosas.
Pregunta(s) o situación problémica | Contenidos de Aprendizaje
Pregunta(s) o situación problémica | Actitudinales | Conceptuales | Procedimentales
¿Qué es la Iglesia y cuál es su vocación? ¿Quiénes conforman la Iglesia? ¿Qué vocaciones existen en la Iglesia y cómo se relacionan con el servicio? | Se interesa por la vida y necesidades de los demás. 
Muestro interés por la vida y necesidades de los demás. | Reconozco el llamado que Dios hace a la Virgen María.
Explico las diferentes vocaciones que hay en la Iglesia y el servicio que prestan. | Explico el mensaje de textos del Nuevo Testamento relacionados con la vocación de Jesús y de sus seguidores. 
Relaciono la vocación con el servicio.
TEMAS
La vocación de la Iglesia y las vocaciones al servicio."
Religión,5°,I,El testimonio: manifestación de autenticidad y fe del pueblo de Dios.
Religión,5°,II,El testimonio de Jesús y sus seguidores como invitación a la conversión.
Religión,5°,III,El testimonio de la Iglesia confirma la fe del cristiano.
Religión,6°,I,La persona humana y sus derechos. (ECEC)
Religión,6°,II,"El hombre y la mujer, imagen y semejanza de Dios."
Religión,6°,III,"En Jesucristo, Dios dignifica al ser humano. 
La Iglesia al servicio del desarrollo personal y social."
Religión,7°,I,"La familia , célula primordial de la sociedad
La Sagrada Familia de Nazaret como modelo de vida familiar."
Religión,7°,II,La familia imagen de Dios que es amor y vida
Religión,7°,III,"El Evangelio sobre el matrimonio y la familia.
La misión de la familia cristiana en el mundo de hoy.
La familia como primera comunidad educadora en la fe."
Religión,8°,I,DIMENSIÓN COMUNITARIA DEL SER HUMANO
Religión,8°,II,"LA COMUNIDAD COMO DISTINTIVO DEL PUEBLO DE DIOS
Jesús y la construcción de la nueva comunidad."
Religión,8°,III,"LA COMUNIDAD DE LA QUE JESÚS FORMÓ PARTE
LA COMUNIDAD ECLESIAL SERVIDORA
La Iglesia como Nuevo Pueblo de Dios.
La comunidad eclesial servidora y misionera."
Religión,9°,I,DIMENSIÓN ÉTICA Y RELIGIOSA DE LA PERSONA.
Religión,9°,II,RAÍCES DE LA MORAL CRISTIANA EN EL ANTIGUO TESTAMENTO.
Religión,9°,III,"JESÚS, FUNDAMENTO DE LA MORAL CRISTIANA
EL COMPROMISO MORAL DEL CRISTIANO"
Religión,10°,I,EL VALOR Y EL SENTIDO DE LA VIDA EN LA EXPERIENCIA HUMANA
Religión,10°,II,EL PROYECTO DE DIOS PARA EL PUEBLO ELEGIDO
Religión,10°,III,EL PROYECTO DE VIDA DE JESÚS Y EL COMPROMISO DEL CRISTIANO
Religión,11°,I,EL HOMBRE COMO SER SOCIAL AL SERVICIO DE LA CONSTRUCCIÓN DE UNA NUEVA SOCIEDAD
Religión,11°,II,EL PROBLEMA SOCIAL EN EL PUEBLO DE ISRAEL
Religión,11°,III,EL EVANGELIO SOCIAL Y EL APORTE DE LA IGLESIA A LA NUEVA SOCIEDAD
Tecnología e informática,1,I,"Tecnología
Artefactos tecnológicos y su evolución: Identificación de objetos tecnológicos en el entorno y comprensión de su evolución.
Materiales: Exploración de materiales como papel y cartón, su origen, características, propiedades y su impacto ambiental.
Informática
El computador y sus partes: Reconocimiento de las partes del computador, cómo prenderlo y apagarlo, y sus características básicas.
Herramienta de dibujo: Uso de programas de dibujo para crear figuras geométricas básicas, aplicando contorno y relleno."
Tecnología e informática,1,II,"Tecnología
Medios de transporte: Estudio de diferentes medios de transporte y su evolución (avances tecnológicos).
Señales de tránsito: Identificación y comprensión de las señales de tránsito y su importancia en la seguridad vial.
 Informática
El escritorio de Windows: Familiarización con el entorno gráfico de Windows, incluyendo escritorio, barra de tareas, íconos y botón de inicio.
Creación de íconos personalizados y elaboración de señales de tránsito utilizando la herramienta de Paint."
Tecnología e informática,1,III,"Tecnología
Herramientas y máquinas: Identificación y uso de herramientas y máquinas utilizadas en el entorno escolar y doméstico.
Impacto ambiental de las herramientas: Reflexión sobre el uso responsable de herramientas y su efecto en el medio ambiente.
Informática
Procesador de texto (Word): Introducción al entorno de trabajo de un procesador de texto, realizando operaciones básicas como cambiar el color de fuente, tamaño y tipo de letra, inserción de imágenes prediseñadas y descargadas de internet en un documento.
Diseño de página: Configuración de la orientación de la página y otros aspectos básicos del diseño de documentos."
Tecnología e informática,2,I,"Tecnología
La tecnología en el medio (naturaleza, ciudad).
La tecnología más que un artefacto: ideas, procesos, imaginación.
Uso de la tecnología en la casa y en el colegio.
Informática
Normas básicas del aula de informática: uso responsable.
Organizar información en Windows (carpetas, archivos)."
Tecnología e informática,2,II,"Tecnología
Medios de comunicación: teléfono, radio, televisor, computador.
Tecnología que me permite comunicarme.
Informática
Manejo de procesador de texto (Word): escribir, copiar, mover texto.
Insertar imágenes en Word y conocer extensiones de archivo.
Las Tic: ¿qué son? ejemplos en la vida.
Acceso seguro: reglas básicas para protegerse."
Tecnología e informática,2,III,"Tecnología
Instrumentos de escritura: del lápiz al computador.
El papel: historia, elaboración, uso.
Protección del medio ambiente: importancia del papel reciclado y reducir el desperdicio.
Informática
¿Qué es la multimedia? Introducción a PowerPoint (presentaciones con diapositivas).
Herramientas básicas multimedia. Manejo de sonidos: grabar y escuchar audio, uso de video y cámara, micrófono."
Tecnología e informática,3,I,"Tecnología
¿Qué es la tecnología? La evolución de la tecnología en la sociedad.
Diferencia entre procesos naturales y tecnológicos.

Informática
Periféricos de entrada, salida y dispositivos de almacenamiento."
Tecnología e informática,3,II,"Tecnología
Las máquinas: simples y compuestas. 
Distinción entre artefacto, herramienta y objeto.
Artefactos del siglo XXI. 
Informática
Libro de cálculo (Excel): Conocer la interfaz: celdas, rangos, ingresar datos, abrir y guardar archivos."
Tecnología e informática,3,III,"Tecnología
Qué son los artefactos, herramientas y objetos (diferencias)
 Informática
¿Qué es la multimedia? Presentador de multimedia: diapositivas, animaciones y transiciones, insertar imágenes y WordArt.
Programación I (algoritmia): Conocer el entorno de trabajo, instrucciones básicas: mover, pintar, recoger objetos (tipo Scratch/instrucciones secuenciales)."
Tecnología e informática,4,I,"Tecnología (Electrónica I)
Sobre circuitos: ¿qué es? tipos (serie, paralelo). Inventores tecnológicos. 
 Informática
Diferenciar software y hardware.
Unidades de almacenamiento: USB, disco duro, nube.
PowerPoint: crear presentaciones, insertar imágenes."
Tecnología e informática,4,II,"Tecnología (Electrónica I)
Experiencias virtuales con simulador (ej. DCACLab, Tinkercad) para crear y probar circuitos básicos.  Avances tecnológicos del pasado. 
Informática
PowerPoint: insertar multimedia (video/audio), aplicar animación, transición y efectos.
Seguridad digital: conocer virus informáticos y los antivirus más utilizados."
Tecnología e informática,4,III,"Tecnología (Electrónica II)
Laboratorio virtual de electrónica (como DCACLab) para proyectos más complejos (ej. medir voltaje, resistencia) Seguridad en la utilidad de los artefactos. 
Informática
Procesador de texto: ¿Qué es?, partes, configuración de página, tipos de documento.
Libro de cálculo (Excel): Elementos de una hoja (celdas, filas, columnas), operaciones básicas y uso de fórmulas sencillas, relleno de series automáticas, gráficos básicos.
Aplicación práctica: factura de venta y nómina."
Tecnología e informática,5,I,"Informática
Procesador de texto (Word): ¿Qué es? Interfaz: partes de la ventana, abrir/cerrar, crear, guardar/guardar como. Configuración de página.
Introducción a narraciones digitales (Canva, Prezi).
Tecnología (Electrónica I)
Laboratorio virtual con Tinkercad: circuitos básicos, uso de sensores y LEDs. Evolución de los artefactos que permiten comunicar."
Tecnología e informática,5,II,"Informática
Documentos en PDF: Interlineado, columnas, revisión y diseño básico de documentos de presentación.
Tecnología
Operadores mecánicos esenciales: rueda y eje, palanca y polea, correa y cadena, muelle y resortes, manivelas.  Técnicas para la construcción de artefactos. 
Proyecto de robótica artesanal: montar una mano robótica."
Tecnología e informática,5,III,"Tecnología – Electricidad
Conceptos de electricidad y corriente: alterna vs continua.
Elementos: generadores, conductores, conectores y receptores.
Experimentos con Tinkercad o simuladores.
Programación con Scratch
Introducción a Scratch: interfaz y conceptos básicos.
Movimiento de objetos, bucles, animaciones, escenarios y objetos nuevos.
Proyectos: crear una pequeña animación o cuento interactivo."
Tecnología e informática,6,I,"Tecnología (Electrónica):
Componentes de Laboratorio I: 
Práctica TinkerCad: 
LED
Fotorresistencia
Potenciómetro
Interruptor
Pulsador
Zumbador
Circuito físico I.
Normas de seguridad para el uso de algunos artefactos.
Uso de la tecnología en la actualidad. 

Informática (Programación):
Programación en Scratch. 
Juego víbora 
Planos de mi habitación (SketchUp) en el programa Tinkercad. 
Mi habitación.
¿Qué es la IA?

Emprendimiento:
¿Qué es ser emprendedor?"
Tecnología e informática,6,II,"Tecnología:
Inventos trascendentales en la sociedad. 
Transformación y uso de las fuentes de energía. 

Informática:
Sistemas operativos
El internet y sus herramientas, uso responsable. 
Microsoft excel: crear tablas, gráficos, insertar fórmulas."
Tecnología e informática,6,III,"Tecnología (Electrónica):
Componentes de Laboratorio: 
Práctica TinkerCad: 
Circuito Arduino contador
tecnología y sociedad
Inventos.

Informática (Word):
La carta (documento informal)
La hoja de vida con hipervínculo
Narraciones digitales 
(Canva, Prezi, kizoa, Emaze, Powtoon)

Emprendimiento:
¿Qué es una empresa?
Tipos de empresas.
Facturación y nómina."
Tecnología e informática,7,I,"Tecnología (Electrónica):
Componentes de Laboratorio II: 
Practica TinkerCad: 
Transistor NPN y PNP 
Luces de velocidad variable
Motor con puente H sencillo
Motor CI 555
Semáforo peatonal I
Circuito físico I.

Informática (Diseño):
Hoja de cálculo (Excel)
Planos (SketchUp) 
Casa externa.
¿Qué es la IA?

Emprendimiento:
¿Qué es ser emprendedor?
Informática (Diseño y Ofimática)
Introducción a la hoja de cálculo (Excel).
Herramientas básicas para la organización de datos.
Diseño de una casa externa en SketchUp.
Emprendimiento
¿Qué es ser emprendedor?
Características del emprendedor.
La idea de negocio y su organización.
Robótica
Introducción a mBlock 5 y programación por bloques.
Automatización y sistemas automatizados.
Arduino y componentes básicos de robótica (LEDs, resistencias y fotoceldas)."
Tecnología e informática,7,II,"Tecnología (Electrónica):
Componentes de Laboratorio: 
Práctica TinkerCad: 
Sirena Policial (sirena y luces)
Circuito Arduino contador I
Circuito Arduino contador II
Circuito físico II.

Informática:
Bases de datos (Access)
Tablas – Relaciones
Programación en Scratch. 
Atrapar peces"
Tecnología e informática,7,III,"Tecnología (Electrónica):
Componentes de Laboratorio:
Práctica TinkerCad: 
Circuito Arduino contador III
Fuentes de energía.
Inventos.

Herramientas ofimáticas básicas
Tipos de sistemas tecnológicos
Normas de seguridad en el aula de informática
Entrada – Proceso – Salida

Informática:
Arquitectura I (dispositivos)
Partes internas computador
Alice 3D I
Programación en ciclos.

Derechos de autor y uso de la información
Software: tipos y funciones
Dispositivos de entrada, salida y almacenamiento

Emprendimiento:
La tecnología como oportunidad para crear soluciones y pequeños emprendimientos"
Tecnología e informática,8,I,"Tecnología (Electrónica):
Componentes de Laboratorio III: 
Práctica TinkerCad: 
Semáforo vehicular I
Semáforo vehicular II
Mini semáforo Peatonal
detector de oscuridad
Motor Sensor
Circuito físico I.

Informática:
Hoja de cálculo (Excel)
Funciones, tablas y gráficos. 
Programación en Scratch. 
Laberinto
¿Qué es la IA?

Emprendimiento:
¿Qué es ser emprendedor?

Tecnología (Arquitectura de Hardware)
Componentes internos del computador.
Puente norte y puente sur.
Ensamble y cotización de equipos de cómputo.
Informática (Programación)
Algoritmos y resolución de problemas.
Diagramas de flujo.
Programación básica en PSeInt.
Emprendimiento
Idea de negocio.
Costos, ingresos y utilidades.
Planeación de proyectos empresariales con Excel.
Robótica
Introducción a los sistemas automatizados.
Sensores y actuadores.
Aplicaciones de la robótica en la industria y la vida cotidiana."
Tecnología e informática,8,II,"Tecnología (Electrónica):
Componentes de Laboratorio: 
Práctica TinkerCad: 
Contador Binario I
Circuito Arduino contador
Circuito físico II.

Informática:
Hoja de cálculo (Excel)
Funciones, BuscarV, condiciones. 
Arquitectura II, Mantenimiento
Redes sociales."
Tecnología e informática,8,III,"Tecnología (Electrónica):
Componentes de Laboratorio:
Práctica TinkerCad: 
Circuito Arduino contador III
Fuentes de energía alternas.
Inventos.

Impacto de la tecnología en la vida cotidiana
Diseño de soluciones tecnológicas sencillas
La tecnología como solución a necesidades humanas

Informática (Programación):
Planos (SketchUp)
Casa interna. 
Algoritmia I. 
Proyectos 
Diagramas de flujo.
Creación de contenidos digitales (presentaciones, documentos, infografías)
Simuladores y entornos virtuales de aprendizaje
Uso básico e intermedio de plataformas digitales
Trabajo colaborativo apoyado en herramientas digitales


Emprendimiento:
La tecnología como apoyo al emprendimiento"
Tecnología e informática,9,I,"Tecnología (Electrónica): 
Componentes de Laboratorio I:
Práctica TinkerCad: 
Circuito Integrado con Alarma
Contador Binario II
Circuito paralelo
Oscilador 
Motor con Puente H
Circuito físico I.

Informática (Programación):
Programación (Scratch)
Juego tarjetas de memoria. 
Hoja de cálculo III (Excel)
Funciones, BuscarV, condiciones. 
¿Qué es la IA?

Emprendimiento:
¿Qué es ser emprendedor?

Tecnología (Electrónica y Hardware)
Componentes electrónicos básicos.
Arquitectura de hardware del computador.
Ensamble y análisis de sistemas de cómputo.
Informática (Programación)
Variables y constantes.
Ciclos y estructuras de control.
Programación básica en PHP.
Emprendimiento
Emprendimiento e innovación.
Planeación financiera básica.
Toma de decisiones con Excel.
Robótica
Sistemas electrónicos aplicados a la robótica.
Sensores y actuadores.
Automatización y control de procesos.

`~"
Tecnología e informática,9,II,"Tecnología (Electrónica):
Componentes de Laboratorio: 
Práctica TinkerCad: 
Mini piano con melodía
Circuito Arduino contador II
Circuito físico II.

Informática:
Arquitectura III 
Mantenimiento correctivo. 
Limpieza de CPU."
Tecnología e informática,9,III,"Tecnología (Electrónica):
Componentes de Laboratorio:
Práctica TinkerCad: 
Alarma LED
Alarma Sonora 
Inventos.

Estructura de un algoritmo (inicio, proceso, fin)
Diagramas de flujo
Secuencia lógica y toma de decisiones

Informática (Programación):
Planos II (SketchUp)
Barrio. 
Proyecto I.
Normas APA I.
Flujograma

Uso de herramientas digitales para crear contenidos
Herramientas TIC para la organización de información
Navegadores y motores de búsqueda



Emprendimiento:
TIC como apoyo al trabajo y la productividad"
Tecnología e informática,10,I,"Tecnología (Electrónica):
Componentes de Laboratorio I: 
Práctica TinkerCad: 
Niveles
Piano con Arduino
Sirena Luces con Arduino
Sirena policía con Arduino
Circuito físico I.

Informática (Multimedia):
Edición de video. 
Herramientas de edición.
Comercial.
Noticiero.
¿Qué es la IA?

Emprendimiento:
¿Qué es ser emprendedor?

Tecnología (Redes y Electrónica)
Redes computacionales y transmisión de datos.
Cableado estructurado (normas 568A y 568B).
Circuitos electrónicos con temporizador 555.
Informática (Multimedia)
Fundamentos de edición de video.
Herramientas digitales de diseño y edición (Canva y CapCut).
Producción de contenido multimedia.
Emprendimiento
Emprendimiento e innovación.
Planeación de proyectos emprendedores.
Promoción digital de productos y servicios."
Tecnología e informática,10,II,"Tecnología (Electrónica):
Componentes de Laboratorio:
Práctica TinkerCad: 
Oscilador II
Semáforo con programación
Circuito físico II.

Informática (Programación):
Diseño en Wings 3D. (casa)
Extrusión, intrusión.
Modelado 3D.
Planos II (SketchUp)
Mall"
Tecnología e informática,10,III,"Tecnología (Electrónica):
Componentes de Laboratorio: 
Práctica TinkerCad: 
Proyecto temporizador 555 
Circuito físico con Arduino III

Procesadores de texto avanzados (estilos, tablas, referencias)
Presentaciones digitales efectivas
Interpretación de resultados
Presentación de ideas innovadoras

Informática (Programación):
Programación (Scratch)
Calculadora.
Proyecto II.
Hoja de cálculo (Excel II)
BuscarV, Filtros dinámicos.

Documentos colaborativos en línea
Comunicación académica en entornos virtuales
Impacto social de la tecnología
Riesgos digitales

Emprendimiento:
¿Qué es una empresa?
Tipos de empresas.
Facturación y nómina."
Tecnología e Informática,11,I,"Tecnología (Electrónica):
Componentes de Laboratorio VI:
Práctica TinkerCad: 
Contador con Arduino I
Contador con Arduino II
Circuito físico con Arduino
Proyecto III

Informática (Animación):
Animación (Pencil 2D)
Animaciones básicas
Hoja de cálculo (Excel II)
BuscarV, Filtros dinámicos.
¿Qué es la IA?

Emprendimiento:
¿Qué es ser emprendedor?"
Tecnología e Informática,11,II,"Tecnología (Electrónica):
Componentes de Laboratorio:
Práctica TinkerCad: 
Contador con Arduino III
Circuito físico con Arduino



Informática (Programación):
HTML
Planos II (SketchUp)
Aeropuerto – Estadio
Arquitectura SOp
Proyecto III"
Tecnología e Informática,11,III,"Tecnología (Electrónica):
¿Qué es una red informática?
Tipos de redes (LAN, WAN, MAN)
Topologías de red
Direcciones IP (concepto básico)
Qué es un router, switch y módem

Informática (Programación):
Combinación de correspondencia en procesadores de texto
Base de datos en Excel
Cartas personalizadas
Certificados automáticos

Emprendimiento:
¿Qué es una empresa?
Tipos de empresas.
Facturación y nómina."
Ciencias Naturales y Educación Ambiental,1,I,"Cuerpo humano:
Partes del cuerpo.
Cambios físicos durante el crecimiento.
Semejanzas y diferencias entre los cuerpos.
Características heredadas: color de cabello, color de piel, estatura.
Necesidades de cuidado del cuerpo.

Los cinco sentidos:
Órganos de los sentidos (identificación y función).
Uso de los sentidos para caracterizar y clasificar objetos.
Cambios de temperatura.
Tipos de luz (color, intensidad y fuente).
Instrumentos para observación de objetos pequeños."
Ciencias Naturales y Educación Ambiental,1,II,"Los seres vivos y los objetos inertes:
Características básicas de los seres vivos.
Objetos inertes.
Objetos naturales y artificiales: características y diferencias.
Diferencias y semejanzas entre seres vivos y objetos inertes.
Los seres en la naturaleza.

Materiales (clasificación, uso y medición):
Clasificación de los materiales sólidos y líquidos de uso cotidiano a partir de características que percibe con los sentidos.
Usos de los materiales de acuerdo con sus características.
Objetos que emiten luz o sonido.

Las magnitudes y sus medidas.
¿Cómo mido los sólidos y líquidos con mi cuerpo?
Medición de materiales usando instrumentos no convencionales (mi cuerpo, palos, cuerdas, vasos, jarras)."
Ciencias Naturales y Educación Ambiental,5,I,"La célula: Procariotas y eucariotas.
Célula animal y vegetal.
Estructura celular.
Estructura celular de los reinos mónera, protista, hongo, vegetal y animal.
Tejidos animales y vegetales.
Niveles de organización de los seres vivos pluricelulares.
Funciones vitales de los seres vivos.
Cuidando Nuestro Cuerpo: Hábitos Saludables y Prevención de Enfermedades."
Ciencias Naturales y Educación Ambiental,5,II,"Funcionamiento del cuerpo humano:
Sistema nervioso
Sistema digestivo
Proceso digestivo
Características de los órganos del sistema digestivo.
Sistema respiratorio 
Proceso respiratorio y procesos de obtención de energía de las células.
Sistema circulatorio.
Sistema nervioso"
Ciencias Naturales y Educación Ambiental,5,III,"Función de excreción en el ser humano 
Tipos de excreción 
Órganos excretores.

Reproducción en los seres vivos y reproducción humana.

Formas de energía
La energía.
Formas de energía (luminosa, térmica y mecánica).


Circuito eléctrico simple
Fundamento y componentes.
Representación con simbología apropiada.
Efectos observados en los dispositivos de un circuito (luz, calor, movimiento y sonido).
Construcción de circuitos eléctricos simples con pilas.
Materiales conductores y aislantes.
Generación de calor debido al flujo de corriente eléctrica."
Ciencias Naturales y Educación Ambiental,6,I,"Teorías del origen del universo y de la vida.
 El universo.
 El sistema solar.
La exploración del universo: Misiones espaciales, telescopio Hubble y satélite artificial.
 La célula: Clasificación, estructura celular y sus funciones.
Transporte a través de la membrana celular: Ósmosis y difusión.
Respiración celular.
División celular.
Niveles de organización celular."
Ciencias Naturales y Educación Ambiental,6,II,"Taxonomía 
 Categorías  taxonómicas.
 Clasificación en dominios y clasificación en reinos: características generales y características celulares.
Moléculas orgánicas: carbohidratos, lípidos, proteínas y ácidos nucleicos.

Fuerza eléctrica 
Fuerza eléctrica, carga eléctrica y campo eléctrico.
Propiedades de la carga eléctrica.
Fuerzas entre cargas eléctricas: atracción y repulsión.
Materiales conductores, semiconductores y aislantes.
El magnetismo. 
La relación entre la electricidad y el magnetismo."
Ciencias Naturales y Educación Ambiental,6,III,"El átomo.
 Los elementos y los compuestos.
 Estados y cambios de estado de la materia.
Propiedades de la materia: i}Intensivas y extensivas.
Las mezclas: Homogéneas y heterogéneas.

Métodos de separación de mezclas:
 Destilación.
 Evaporación.
 Tamización.
 Filtración.
Imantación.
Decantación."
Ciencias Naturales y Educación Ambiental,7,I,"Componentes de los ecosistemas: Factores bióticos y abióticos.
- Tipos de ecosistemas: Terrestre, acuático y mixto.
- Ecosistemas colombianos.
      
 Relaciones interespecíficas e intraespecíficas.
   
Adaptaciones de los seres vivos.· 
Estructura trófica: niveles tróficos y flujo de materia y energía.
     
Mecanismos de obtención de energía: Fotosíntesis, respiración celular y nutrición.
       
Movimiento de placas tectónicas y su relación con la biodiversidad."
Ciencias Naturales y Educación Ambiental,7,II,"Ciclos biogeoquímicos: ciclo del agua, del carbono, del nitrógeno y del azufre.
Recursos naturales: renovables y no renovables.
Energías renovables y no renovables.
Modelos atómicos.
Tabla periódica:
Número atómico, número de masa y propiedades periódicas."
Ciencias Naturales y Educación Ambiental,7,III,"Organización en grupos, periodos y regiones.
La configuración electrónica.
El enlace químico.

Fuerza:
Concepto.
Fuerzas que actúan sobre un cuerpo.
Diagrama de cuerpo libre.
Estado de reposo y movimiento.
Leyes de Newton.

Transformaciones de energía en un sistema mecánico:
Energía cinética.
Energía potencial."
Ciencias Naturales y Educación Ambiental,8,I,"Fenómenos homeostáticos de los organismos.
Sistemas de regulación y control: sistema nervioso y sistema endocrino.
Sistemas de órganos: sistema óseo, muscular e inmune.

Leyes de los gases:
Ley de Charles, Ley de Gay Lussac, Boyle-Mariotte, Ley combinada, gases reales y gases ideales.
Comportamiento de un gas ideal ante la variación de temperatura, presión, volumen y cantidad de materia (uso de la ecuación).

Principios de termodinámica:
El calor, la temperatura, energía térmica y energía interna de un sistema.
Primera ley de la termodinámica (energía interna, calor y trabajo).
Segunda ley de la termodinámica (eficiencia mecánica de
una máquina).
Aplicaciones de las leyes de la termodinámica."
Ciencias Naturales y Educación Ambiental,8,III,"Atomos y moleculas 
Organización de la tabla periódica y propiedades de los elementos relacionados con formación de enlaces.
Enlaces en las
moléculas: Enlace iónico y enlace covalente.
Leyes ponderales y estequimetría 
Reacciones químicas y tipos de reacciones.
Estados de oxidación.
Leyes de Mendel
Cuadro de punnett"
Ciencias Naturales y Educación Ambiental,9,I,"-           Historia y generalidades de la genética.
-          Leyes de Mendel.
-          Relaciones entre la meiosis, la segunda y tercera ley de Mendel.
-          La genética humana.
-          Cruces monohíbridos, dihíbridos y grupos sanguíneos.
-          Mecanismos de predicción de proporciones para características heredadas (probabilidades o Punnet).
-          Alteraciones y enfermedades genéticas."
Ciencias Naturales y Educación Ambiental,9,II,"-               Estructura del ADN.
-               Replicación, transcripción y traducción del ADN.
-               Código genético.
-               Relación entre proteínas y características fenotípicas.
-               Variedad genética.
-               Mutación y recombinación de genes.
-               La evolución.
-               Teorías evolutivas: Lamarck, Darwin y selección natural.
-               Mecanismos de evolución."
Ciencias Naturales y Educación Ambiental,9,III,"-               La macroevolución.
-               Filogenia: cladogramas.
-               El tiempo geológico (procesos de transformación de los seres vivos): tiempos precámbricos, era paleozoica, era mesozoica y cenozoica.
-               Los sistemas de clasificación.
-               La clasificación taxonómica.
-               Clasificación de bacterias, protistas, hongos, plantas y animales.
-               Categorías taxonómicas.
-               Características comunes para clasificar organismos.
-               Aplicaciones de microbiología en la industria: fermentación, alimentos y agricultura."
Ciencias Naturales y Educación Ambiental,10,I,"-   Clasificación taxonómica.
-   Niveles de clasificación.
-   Individuo.
-   Población.
-   Tamaño y control de crecimiento poblacional.
-   Interacciones en las comunidades.
-   Flujo de materia y energía.
-   Fotosíntesis.
-   Ciclos biogeoquímicos.
-   Contaminación de ecosistemas."
Ciencias Naturales y Educación Ambiental,10,II,"-   Estructura del ADN.
-   Replicación, transcripción y traducción del ADN.
-   ARN.
-   Mutaciones
-   Biotecnología.
-   Genómica y proteómica.
-   Génica.
-   Bioética."
Ciencias Naturales y Educación Ambiental,10,III,"-   Historia de la evolución.
-   Teorías evolutivas.
-   Selección natural y especiación.
-   Evidencias de la evolución.
PERIODO I
Nombre del área: Ciencias Naturales y Educación Ambiental | Grado: 11 | HS: | 3
Objetivos para el grado:
-       Identifican la función de cada componente de la estructura celular y su función dentro el metabolismo de la misma.
-       Reconocen los diferentes niveles de organización celular para la construcción de la vida en el planeta.
-       Explican la función de la membrana y su implicación en la homeostasis celular.
-       Describen y explican las diferentes fases de la división celular y su función en la construcción de tejidos.
Estándares Básicos de Competencias (EBC):
- Explico la diversidad biológica como consecuencia de cambios ambientales, genéticos y de relaciones dinámicas dentro de los ecosistemas. (Estándar 10°-11°)
- Relaciono la estructura de las moléculas orgánicas e inorgánicas con sus propiedades físicas y químicas y su capacidad de cambio químico. (Estándar 10°-11°)
- Utilizo modelos biológicos, físicos y químicos para explicar la transformación y conservación de la energía. (Estándar 10°-11°)
- Identifico aplicaciones de diferentes modelos biológicos, químicos y físicos en procesos industriales y en el desarrollo tecnológico; analizo críticamente las implicaciones de sus usos. (Estándar 10°-11°)
COMPETENCIAS A DESARROLLAR
Identificar, explicar e indagar
Componentes y desempeños
Entorno vivo (procesos biológicos) | Ciencia, tecnología y sociedad
- Identifico y explico ejemplos del modelo de mecánica de fluidos en los seres vivos.
Pregunta o situación problémica | DBA | Contenidos de Aprendizaje
Pregunta o situación problémica | DBA | Actitudinales | Conceptuales | Procedimentales
En 1838, el botánico alemán Matthias Schleiden concluyó que las células y las sustancias que producen forman la estructura básica de las plantas y que el crecimiento vegetal se da por agregación de células nuevas.
 
¿De qué forma están implicados los mecanismos y componentes celulares en la formación de la célula, y a su vez en la formación de organismos? | Comprende la célula como la unidad básica de la vida y explica sus funciones básicas (transporte de membrana, obtención de energía y división celular) a partir del análisis de su estructura. (CP) | - Reconoce la célula como unidad biológica estructural y fundamental para las diferentes formas de vida en el planeta (CP).
- Responde a sus responsabilidades y roles dentro de grupos de trabajo y respeta las funciones de sus compañeros, de igual forma respeta las instrucciones del docente a la hora de realizar actividades con dispositivos móviles para actividades únicamente académicas. (CP). | - Explica la estructura de organelos celulares y la función que tiene cada uno en la célula y así mismo, en los diferentes niveles de organización celular. (CP)
- Explica la función de la membrana celular en su homeostasis e identifica las consecuencias que podría causar en caso de daño. (CP)
- Interpreta y describe modelos de división celular como mecanismo de regeneración de tejidos. (CP)
- Explica y describe los diferentes procesos implicados en el metabolismo celular e identifica los organelos involucrados en ello. (CP) | - Construye modelos que me permitan dar cuenta del movimiento de sustancias en la célula y las funciones de las organelos celulares (CP)
- Analiza la función de la membrana y concluye la importancia que tiene en el transporte de sustancias, relacionándolo con la homeostasis celular. (CP)
- Crea modelos de división celular y explica las diferentes fases implicadas en este proceso. (CP)
- Analiza la dinámica interna del metabolismo celular y da razón de cómo funcionan sus componentes por separado y en conjunto (CP).
TEMAS
-           Estructura celular.
-          Funciones de los organelos celulares.
-          Niveles de organización celular.
-          Transporte a través de la membrana celular.
-          División celular.
-          Función de las biomoléculas en las células.
-          Las enzimas.
-          Metabolismo celular."
Ciencias Naturales y Educación Ambiental,11,II,"-           Cromosomas y genes.
-          Rasgos heredados y adquiridos.
-          Leyes de Mendel.
-          Mutaciones.
-          Herencia de grupos sanguíneos."
Ciencias Naturales y Educación Ambiental,11,III,"-           Funciones vitales de los seres vivos.
-          Funciones de regulación y homeóstasis en órganos de seres vivos.
-          Sistemas corporales (Nervioso, endocrino, Inmunológico)
-           Evolución y biodiversidad.
-           Ecología.
-           Relaciones interespecíficas e intraespecíficas."
Física,9,I,"Introducción a la física: ¿Qué estudia la física como ciencia natural? Y áreas de la física.  
Magnitudes físicas (escalares y vectoriales), unidades en el SI y conversiones
Notación científica 
Instrumentos de medición 
Vectores y operaciones con vectores (gráfico y numérico a partir de las componentes) y magnitudes vectoriales."
Física,9,II,"Introducción a cinemática: Conceptos básicos de movimiento (tiempo, posición, velocidad, aceleración).
Movimiento en 1 dimensión: Movimiento rectilíneo uniforme, movimiento uniformemente acelerado, caída libre (trabajo centrado en descripción de situaciones y reconocimiento, enunciación de ecuaciones y trabajo profundo en gráficas para relacionar variables) No se trabaja aplicación de ecuaciones de manera formal.
Movimiento en 2 dimensiones: Descripción de situaciones y componentes (movimiento parabólico y semiparabólico) en el plano cartesiano, componentes vectoriales de las variables, análisis de situaciones problema, enunciación de ecuaciones. No se trabaja aplicación de ecuaciones
 de manera formal."
Física,9,III,"Introducción a dinámica: concepto de fuerzas, tipos de fuerzas y medición de las fuerzas (ley de Hooke). 
Construcción de diagramas de cuerpo libre 
Leyes de Newton: Postulados y estudio cualitativo de las leyes de Newton por medio de situaciones, ejemplos y aplicaciones. 
Introducción a la termodinámica: Conceptos de calor (asociado a una forma de energía y temperatura). Calor específico y capacidad calorífica. 
Introducción al concepto de carga eléctrica y electricidad.
Introducción al concepto de magnetismo."
Física,10,I,"Movimiento rectilíneo uniforme (retomar gráficos, profundizar en el uso de ecuaciones y problemas de aplicación utilizando lenguaje matemático.)
Movimiento uniformemente acelerado (retomar gráficos, profundizar en el uso de ecuaciones y problemas de aplicación para caída libre y rectilíneo uniformemente acelerado utilizando lenguaje matemático.)
Movimiento en dos dimensiones (retomar gráficos, profundizar en el uso de ecuaciones y problemas de aplicación para movimiento parabólico y semiparabólico utilizando lenguaje matemático.)
Movimiento circular uniforme (concepto, gráficas y ecuaciones)"
Física,10,II,"Dinámica:
Diagramas de cuerpo libre, planos inclinados y planteamiento de sistemas de ecuaciones. 
Primera ley de newton:   Principio de inercia, Equilibrio de traslación, sumatoria de todas las fuerzas igual a cero. 
Segunda ley de Newton: Fuerzas no equilibradas, sumatoria de todas las fuerzas diferente de cero (igual a masa por aceleración). Resolución de problemas con dos masas.
Tercera Ley de Newton: Principio de acción y reacción, impulso, cantidad de movimiento lineal, conservación de la cantidad de movimiento, colisiones (choques elásticos e inelásticos).
Dinámica del movimiento circular: Fuerza centrípeta y centrífuga, Ley de gravitación universal, leyes de Keppler.
Torque y condiciones de equilibrio: Centro de masa y centro de gravedad.
Trabajo y energía:  Conceptos y aplicaciones de trabajo, energía potencial y cinética, potencial, conservación de la energía."
Física,10,III,"Mecánica de fluidos (hidrostática):  Concepto de fluido, concepto y aplicación de densidad y presión (unidades de medida), principio de Pascal y Arquímedes. 
Dinámica de fluidos (hidrodinámica): Flujo de fluidos, ecuación de Bernoulli.
Termodinámica:
Temperatura (medidas de la temperatura), dilatación térmica, transferencia de calor y calorimetría.
Ley cero de la termodinámica: equilibrio térmico 
Primera ley de la termodinámica: Conservación de la energía, energía interna, procesos termodinámicos (gráficos de variables involucradas)."
Física,11,I,"Ondas: Movimientos oscilatorios, fenómenos ondulatorios y sonido
Movimiento armónico simple: características de los movimientos oscilatorios, período y frecuencia, cinemática del M.A.S (ecuaciones generales, gráficas, periodo), energía del M.A.S, sistema masa-resorte (cinemática y dinámica), péndulo simple.
Ondas: Formación y propiedades, tipos de onda (transversales y longitudinales), función de onda (ecuación y gráfica).
Fenómenos ondulatorios: Reflexión, refracción, principio de superposición e interferencia, difracción. 
Sonido: Formación y propagación de las ondas sonoras, características del sonido, efecto Doppler.
Sistemas resonantes: Tubos y cuerdas."
Física,11,II,"Naturaleza de la luz, la velocidad de la luz, propagación de la luz y espectro electromagnético.
Reflexión de la luz: Fenómeno, espejos planos, cóncavos y convexos.
Refracción de la luz: Fenómeno, Reflexión total, prismas, lentes (convergentes y divergentes).
Interferencia y difracción de la luz.
Instrumentos ópticos: Ojo humano, Microscopio, telescopio, cámara fotográfica."
Física,11,III,"Electromagnetismo
- Electrostática: Ley de Coulomb, Carga eléctrica y fuerza eléctrica.
-Campo y potencial eléctrico: campo producido por una carga, líneas de campo, diferencial de potencial.
-Ley de Ohm 
-Circuitos en serie, paralelo y mixto (resistencias y condensadores)
-Ley de Corrientes de Kirchhoff 
-Ley de voltajes de Kirchoff
-Método de mallas (aplicación leyes de Kirchhoff)"
Química,9,I,"Unidad 1
Historia de la química: Línea de tiempo y ramas de la química 
Propiedades de la materia: Generales y específicas 
Clasificación (Elemento, compuesto y mezclas) 
Unidad 2
Estados de la materia (Análisis del comportamiento de las moléculas o átomos en cada uno) 
Cambios de estado, Cambios Físicos y Químicos
Peso/masa-Volumen y densidad 
Métodos de separación: En base a propiedades de la materia, estados y cambios de estado"
Química,9,II,"Unidad 1
Cálculo de pesos moleculares y cálculos masa-mol, mol-masa, número de Avogadro.
Soluciones: Fundamento teórico (propiedades, tipos, etc.) 
Efecto de la temperatura, presión, cantidad de soluto y disolvente en la preparación de soluciones. 
Unidad 2
Unidades de concentración Y (cocientes): Porcentaje en volumen y masa.
Unidades de concentración II: Molaridad (M), molalidad (m)."
Química,9,III,"Unidad 1
Átomo (teorías) –isotopos, radioactividad y energía nuclear
Tabla periódica: Configuración electrónica, ley del octeto y estructuras de Lewis para átomos (concepto de valencia) y moléculas
Enlace químico (iónico, covalente polar y apolar, metálico) y representación con estructuras de Lewis.
Fuerzas intermoleculares y propiedades físicas, agua y puentes hidrógeno, tensión superficial. 
Reacciones químicas (introducción) y tipos de reacciones 

Unidad 2

Ácido-Base: Teoría (Arrhenius, Bronsted-Lowry y Lewis), escalas de pH y pOH (usa logaritmos en base 10 y cocientes)
Neutralización, hidrólisis y disociación, aplicación: Función de los ácidos y bases en el cuerpo humano."
Química,10,I,"Nomenclatura y reactividad: Estados de Oxidación de un elemento y una molécula, Reglas de Nomenclatura (reacciones de formación de óxidos, ácidos y bases, sales)
Ecuaciones Químicas, Reacción Química y Tipos de reacciones: Estructura de una reacción Química, Composición o síntesis, descomposición, sustitución y doble sustitución, oxidación-reducción.
Balanceo por tanteo.
Balanceo de ecuaciones por oxido-reducción."
Química,10,II,"Estequiometria: Cálculos masa-mol y mol-masa, análisis estequiométricos, pureza, reactivo limite y rendimiento.
Disoluciones: Retomar unidades de concentración, cálculos de disolución. 
Neutralizaciones: Conceptos (Ácido-base para formar sales) y titulaciones, indicadores, cálculos de concentraciones.
Gases: Teoría cinética de los gases/ leyes de los gases ideales (Boyle, Charles, Gay-Lussac, ley combinada, ecuación de estado y ley de Dalton)."
Química,10,III,"Cinética: velocidad de las reacciones, factores que influyen en la velocidad de las reacciones.
Constantes de equilibrio, clases de equilibrio (homogéneo y heterogéneo) y factores que afectan el equilibrio.
Principio de Le Chatelier y aplicaciones."
Química,11,I,"El átomo de carbono: características (variedades alotrópicas, capacidad de enlace e hibridaciones) 
Importancia de la química orgánica.
Grupos funcionales en la química orgánica. 
Hidrocarburos saturados: Alcanos (estructura, nomenclatura, propiedades químicas y físicas, obtención)
Hidrocarburos insaturados: Alquenos y alquinos estructura, nomenclatura, propiedades químicas y físicas, obtención)
Hidrocarburos cíclicos: (estructura, nomenclatura, propiedades químicas y físicas, obtención)
Reacciones tipos: Homólisis, heterólisis y pericíclicas."
Química,11,II,"Unidad 1
Compuestos aromáticos: (estructura, nomenclatura, propiedades químicas y físicas, obtención)
Funciones oxigenadas: Alcoholes, fenoles, éteres (estructura, nomenclatura, propiedades químicas y físicas, obtención)
Funciones carbonílicas: función carbonilo (características), aldehídos y cetonas (estructura, nomenclatura, propiedades químicas y físicas, obtención)
Unidad 2
Funciones nitrogenadas: Aminas (primaria, secundaria y terciaria), nitrilos (estructura, nomenclatura, propiedades químicas y físicas, obtención)
Funciones Carboxílicas: características, ácidos carboxílicos y sus derivados (Anhídridos, halogenuros, amidas y esteres). (estructura, nomenclatura, propiedades químicas y físicas, obtención)
Aplicaciones de la síntesis orgánica: Obtención de compuestos orgánicos."
Química,11,III,"Compuestos bioquímicos: Estructura general, propiedades físicas y químicas. 
-Carbohidratos
- Aminoácidos y proteínas
-Lípidos
-Ácidos nucleicos 
-Vitaminas y hormonas 
Aplicaciones de compuestos bioquímicos"
Idioma extranjero: inglés,1,I,"Function Language | Vocabulary
Unit intro: hello
Greetings and introductions | Main character names
what’s your name? | Numbers
I’m Henrietta? | Colors
How old are you?
I'm three.
Unit 1: our new school
where…? | Classroom objects and people
Preposition	in,
Where’s the crayon?
it’s on the desk. | on, | under, | next | to | Extension of classroom objects Sounds and spelling: p, b
Singular and Plural nouns
this /these
What's this?
It's a window.
What are these? They are windows.
Unit 2: All about us
is / are | Family
Who is she? | Parts of the body
She’s Jenny. She is a girl. | Sounds and spelling: th, t
Who is he?
He’s Jim. He’s a boy.
Have / don’t have
I have brown hair
They don’t have green eyes.
Do you have red hair?
Yes, I do / No, I don’t.
Unit 3: Fun on the farm is / are + adjective adjective + noun
They aren’t old chickens. He’s a nice cat. | Unit 3: Fun on the farm Farm animals Adjectives
Extensions of adjectives Sounds and spelling: c, k, ck
Has/ doesn’t have
It has long ears.
It doesn’t have small feet. Does it have a long face? Yes, it does. / No, it doesn’t."
Idioma extranjero: inglés,1,II,"Function Language | Vocabulary
Unit 4: Food with friends.
Like/don’t like
I like chocolate.
Harry doesn’t like chocolate.
Do you like chocolate? Yes, I do. / No, I don’t. Making requests and offers
Can I have some chocolate, please? Here you are.
Would you like some icecream? Yes, please. / No, thank you. | Unit 4: Food with friends.
Food and drinks
Extensions of food and drinks Sound and spelling: a
Unit 5:Happy birthday!
Whose…?
Possessive ‘s
Possessive adjectives my, your, his, her, our, their
Whose bike is this? | Unit 5:Happy birthday!
Toys
Extensions of toys Sounds and spelling: h
It’s Jim’s bike. His bike’s orange.


Want / wants
Does he want a teddy bear? Yes, he does. / No, he doesn’t. What does he want?
He wants a helicopter.
Unit 6: A day out There is/are There is a car.
There aren’t any stores.
Are there any animal?
Yes, there are. / No, there aren’t.


Let’s…
Let’s play a game. That’s a good idea. | Unit 6:A day out Vehicles and places Zoo animals
Sound and spelling: ai, a – e."
Idioma extranjero: inglés,1,III,"Function Language | Vocabulary
Unit 7:Let’s play! Present progressive What are you doing? I’m riding a horse.
What’s she doing? She’s swimming.
Are they washing the car?
Yes, they are. / No, they’re not.


Can for permission
Can we play tennis?
Yes, you can, but you can’t pllay here. | Unit 7: Let’s play!
Sports and hobbies
Sports verbs and extensions of sports. Sound and spelling: s
Unit 8: At home
Can for ability
I can swim.
He can’t sing.
Can you ride a horse?
Yes, I can. / No, I can’t.


Preposition in front of, between, behind.
There is a small rug in front of the armchair. | Unit 8: At home
Rooms and objects in the house. Extension of objects in the house. Sounds and spelling: i
Unit 9: Vacation Time
Imperatives | Unit 9: Vacation Time
Clothes
Look at this t-shirt. Clean those shoes.

Like/enjoy + gerund Me, too / so do I
I like flying my kite. So do I.
I enjoy taking pictures.
Me, too. | At the beach
Sounds and spelling: j, h."
Idioma extranjero: inglés,2,I,"Function Language | Vocabulary
Unit Intro: Meet the family | Unit Intro: Meet the family:
Personal | descriptions | review: | Character names
How	old | is | she? | She’s | five.
He has long hair.
Unit 1: A Day on a farm
Present		progressive		review: Are	you		reading	a		book? No, I’m not. I’m doing my homework.


Simple present for routine; o clock
What		time		do			you		get			up? I	get			up			at		 seven		o’clock? What			time			does			school			finish? It finishes at four o´clock. | Unit 1: A Day on a farm


Country Daily routines
Sound and spelling: r
Unit 2: My week
How often--? And adverbs of frequency.
How often do you brush your teeth? Do you ever get up late? Always, often sometimes, never.
Simple present with always, often, sometimes, never.
He	sometimes	watches	TV. They never play tennis.
Should or shouldn’t
What	should	I	do? You   should   wear   your   skates   in   the   house. You should put them in in the closet. | Unit 2: My week


Days of the week Free time activities
Sound and spelling: ay
Unit 3: Party time!
Simple		present	and	present		progressive I	don’t		often		listen		to	the		radio I’m not listening to it now.
Why...?		and	because...? Why   are	you   asking   a   lot   of   questions? Because I love asking questions. | Unit 3: Party time!
Jobs and parties


Physical Descriptions


Sound and spelling: /a:/"
Idioma extranjero: inglés,2,II,"Function Language | Vocabulary
Unit 4: The family at home.
Comparative	adjectives	with	-er/-ier	and	better	/worse | Unit 4: The family at home.
My	cousin	hair	is	longer	/	curlier	than	my	uncle’s. Shelly’s singing in is worse than Gracie’s | Extended family
Possessive	pronouns
Our car is smaller than my aunt and uncle’s car, but ours is newer than theirs. | In and around the home.
Sounds and spelling:/
Unit 5: Animal world
Superlative	adjectives: | Wild and domestic animals
This	kitten’s	the	prettiest	/	the	fattest.
The ice skates are the best. | Action verbs
Prepositions:	above,	below,	close	to,	across	from:
The	bat’s	above	the	three. | Sound and spelling: g
The	snail’s	below	the
The	parrot’s	close	to	the The bus stop’s across from the zoo. | flower. cage.
Unit 6: Our weather
Was/were
Were	your
Yes, they were. | grandparents’	here	last | weekend? | The weather
The clothes
Were	you
No. I wasn’t.
There
Was	there Yes, there was. | was | at	school	on

/	There
a	scarf	in	the | Tuesday?

were
bedroom? | Sound and spelling: ee and y
Were	there
No, there weren’t. | any	boots	in	the | bedroom?"
Idioma extranjero: inglés,2,III,"Function Language | Vocabulary
Unit 7: Let’s cook.
Simple past: irregular verbs | Food
I	went	swimming	last
I	didn’t	go	shopping
Did you go to the park? Yes, I did. | Saturday.
yesterday. | Actions in the kitchen
Sound and spelling: ch
Simple past: regular verbs
I	liked		cooking I		fried
I stopped because you started asking me questions. | them! onions.
Unit 8: Around town
Simple Past: more irregular verbs
I	found	my	old He bought it last year. | hat. | A
Places in town.
Sound and spelling ow and oa | day | trip
Have to / don’t have to
I have to see the eye doctor at the hospital.
My	brother		has		to		wear Do	 you	have	to	wear Yes, I do. | glasses. glasses?
Unit 9: A big change.
Comparative	adjectives		with			more Circus	clothes   are		more	beautiful	than	these. The circus is more exciting than the farm.
Superlatives	adjectives	with	most This   city   is   the   most   beautiful   in   the   world. In my family, my brother is the most scared of spiders. | Unit 9: A big change.
Adjectives for opinions and feeling A new adventure.
Sounds and spelling: ing or in."
Idioma extranjero: inglés,3,I,"Function Language | Vocabulary
Unit Intro
Language review | Main character's names
Questions and answers | Greetings and introductions
Greetings
Unit 1
Review: question words | Telling the time
How, What; When, Where, Which, Who; why | Activity verbs
Was / were + could | Sounds and spelling
I could hop on one leg when I was four | Numbers
I couldn't jump rope
Unit 2	MALLA CU
Defining relative clauses
It’s the place where I studied
Can you see the woman who is cooking in the kitchen? They’re the mountains that we climbed yesterday Simple past + when
When we finished lunch, we went to the amusement park | F
R Unit 2LAR
Food and drinks
Simple past and irregular verbs
Sounds and spelling
“C” spelling for “S” and “K” sounds
Unit 3
Review of comparative and superlative adjectives
As… as
I´m not as strong as you Jenny is taller than you
Iva is the strongest man here Want/ need + infinitive I want to go to the party You need to drink water
I don’t want to drink water | Unit 3
Parts of the body Healthy problems Sounds and spelling
“KN” and “N” spelling for “n” sound"
Idioma extranjero: inglés,3,II,"Function Language | Vocabulary
Unit 4 Adverbs
Well, loudly, badly, quietly, quickly, slowly, carefully, beautifully, hard, fast
Comparative adverbs
Elephants can move faster than snakes
Monkeys can climb better than tigers Bears can run more quickly than monkeys | Unit 4
Natural features Simple past verbs Sounds and spelling
“l” “ll” and “le” spelling for “L” sound
Unit 5
Be made of
What is it made of? Its made of gold
What are the wings made of?
They are made of paper | Unit 5
Describing clothes Materials
Sound and spelling
“igh” and “i-e” spelling
Should could and let's for suggestions
Should we design some props? Let's design the sea
We could use blue paper | MALLA CURRICULAR | F
Unit 6
Should/ shouldn't | School subjects
You should listen to your teacher | Extension of school vocabulary
You shouldn’t talk when your teacher is speaking | Sounds and spelling
Should you cheat on exams? | “F” and “ph” spelling for “f” sound
No, you shouldn’t
Be good t + noun /gerund
I'm good at math
Are you good at sports?
I’m not very good at drawing"
Idioma extranjero: inglés,3,III,"Function Language | Vocabulary
Unit 7	MALLA CUR
When and if (clauses zero conditional) When you dance, you look in the mirror If you win, you get a big prize
If William wins, he wants to buy a fantastic camera
Look like, Be like
What does your grandad look like?
He is very tall, and he has short and gray hair
What’s your uncle like?
He is very friendly | F
Unit 7LAR
Jobs
Personality adjectives
Sounds and spelling
“er”, “ar” and “or” endings
Unit 8
Future with Be going to
I am going to take my umbrella
It isn’t going to rain
What are we going to see first?
Preposition of movement
Across, into, out of, over, past, around and through | Unit 8 Directions Places in town
Sounds and spelling
Review the “th” sound
Unit 9
Before and after, when clauses
Rose got really wet before I gave her my umbrella He ran really fast when Fred came out of the trees
After we met grandma's sister in China, we ate the most delicious noodles
-Ed/-ing adjectives endings
Excited/ exciting Interested/ interesting | Unit9
Adjectives On vacation
Sound and spelling
“ge” spelling for “J” sound"
Idioma extranjero: inglés,4°,I,"Function Language | Vocabulary
Unit 1
Might/May
It might be hot
You may need a pair Of hiking boots Indefinite pronouns
Everywhere, somewhere, anywhere Nowhere, everyone, someone, anyone No one, everything, something, anything Nothing

Unit 2
Simple past review regular and irregular verbs ago We got here a week ago
We didn’t visit Uluru
Did you go away last month? Too and enough
There's too much plastic There isn't enough water 
Unit 3
-Present perfect for experience
Have you ever eaten black beans? | Unit Intro
Main Characters names Describing people

Unit 1
Months and ordinal numbers Journeys
Sounds and spelling Stress in months Vocabulary

Unit 2
The Natural world Animals
Sounds and spelling Silent
Unit 3
-Competitions
-Music and festivals
-Sounds and spelling b and v
Have you ever danced the samba?
-Present perfect with just already and yet I've already taken more than 100 pictures I haven’t seen the pyramids yet
We've just finished in Brazil"
Idioma extranjero: inglés,4°,II,"le sea conocido. (DBA 2, G 4°)


Intercambia opiniones sencillas sobre un tema de interés, a través de oraciones simples y conocidas. (DBA 3, G 4°)


Compara características básicas de personas, objetos y lugares de su escuela y comunidad, a través de oraciones simples. (DBA 4, G 4°)
Unit 5


Does it snow where you live?













Unit 6
What jobs do you know? | Learners attempt to use a range of digital tools during the writing process in order to collaborate on producing informational texts.


Unit 5
Cultural awareness


Learners can show an awareness of different cultures and attempt to identify similarities and differences between them through oral and written literary texts.



Oral interaction


Learners can record and attempt to identify key information from a spoken message of immediate need or interest when the message contains frequently used expressions and visual
support. (Example: rules for a game, classroom instructions, a dialogue in a scene from a cartoon or movie, etc.) Learners attempt to use other classmate’s contributions in class as models for their own.
Learners can answer simple questions and initiate basic interaction when given opportunities. (Example: make an invitation, give a suggestion, etc.) Learners can describe simple, familiar situations and attempt to talk about past experiences. | Learn about the weather in Argentina and compare it to ours




Unit 5


Oral interaction


Listen to the song and match the words



Play a miming game with the actions from the song

Present a weather report of the chosen country




Reading


Read about the weather in different parts of the world and answer the questions



Written Production


Make questions for the answers of Robert's winter sport/  Answer the
Reading


Learners can match, label and answer simple questions about basic details in a short simple cross-curricular text. Learners attempt to organize and discuss information from different sources of academic content.

Written Production


Learners can make a simple learning resource in order to record and practice new words. (Example: a picture dictionary, a word list, a set of
flashcards, etc.)
Unit 6


Cultural awareness


Learners demonstrate an ability to work in pairs and small groups using level-appropriate verbal and nonverbal communication features, and attempt to apply self-correcting and self-monitoring strategies in social and classroom interactions.




Learners can employ various print and digital sources in order to communicate with others in oral and
written form in social situations. | questions after reading the texts

Unit 6


Cultural awareness


Talk about inventions and robotics and how they have made our lives easier

Read the story Seo joons adventure and talk about friendship

















Oral interaction


Listen to the chant and play a guessing game for jobs


Spell and copy new words from the unit
Oral interaction


Learners can grasp the main idea of spoken texts set in familiar everyday contexts and attempt to infer changes in the topic of discussion as well as who is speaking and what the situation is, without having to decode every word.

Learners can ask others to repeat themselves or to say something in a different way and ask for common classroom needs. Learners can spell out words in English and can describe matters of immediate need or interest using some grammatical structures practiced in class (although there may be errors with tenses, personal pronouns, prepositions, etc.).



Reading


Learners attempt to determine the meaning of specific content-based words and phrases when accompanied by visual support and distinguish between fact, opinion, and relevant and irrelevant information in informational texts with mind maps and charts. | Present your invention and tell what job is it good for and how you made it




Reading


Read the texts about inventions and jobs and answer the questions

---

Function Language | Vocabulary
Unit 4
-Past progressive
While I was cleaning my bike, my sister was watching TV.
-Present perfect with since/for
We've been here since five after four We've been here for a quarter of an hour Unit 5
-Will /wont
I'll water their yard
We won't talk about soccer


-Conjunctions so and because
The weather's really cold, so we have to wear | Unit 4
-Verbs for offers, promises and requests
-Telling the time
-Sound and spelling: alternative spelling for ee
Unit 5
-Seasons and weather
-In Winter
-Sounds and spelling: Revision of er, ar, and or, endings
Unit 6
-Jobs
-World of work
-Sounds and spelling: stress in compound nouns
Warm clothes
Today we couldn’t go skiing because it was foggy.
Unit 6
-Tag questions
You eat everything, don’t you?
You can ride a bike, can't you?

-Short questions
I didn't go to the bank on Friday morning Didn't you?
It was my twin brother Was it?
PERIODO III
Nombre del área: Idioma extranjero: inglés | Grado: 4° | HS: 8
Objetivos para el grado:
- I accurately apply past participles, structures with ""used for/to"", past tenses, ""will"" and ""going to"", sensory expressions with ""like"", and the structure ""make + somebody + adjective"".
- Aplico correctamente los participios pasados, estructuras con ""used for/to"", tiempos pasados, ""will"" y ""going to"", expresiones sensoriales con ""like"" y la estructura ""make + alguien + adjetivo"".
Unit 7


To talk about things in the home and describe objects
To understand and use past participles | Unit 8


""To talk about space travel and adventure
To understand and use will to make predictions and going to talk about future plans | Unit 9


To talk about mealtimes, snacks and cooking
To	understand	and	use	it smells/tastes/looks/feels/sounds like
To use make somebody+adjective
To use be used for/ be used to talk about the function of objects
To read and understand about the evolution of objects and the pyramids of Ancient Egypt
To read a historical fiction story about King Tutankhamun and think about taking a different perspective
To create and encyclopedia entry and present it in class | To use the appropriate past tense (past continuous or past simple)
To  read  and  understand  about  space exploration
To read about planets and an astronaut
To read a science-fiction story and think about managing emotions
To identify word classes to fill in the
To give a report about a space mission"" | To read and understand about chocolate production and traditional food in the UK
To read an adaptation of a fairy tale and think about being passionate about what you do
To present a cooking challenge
To find mistakes and complete the gaps""
Estándares Básicos de Competencias (EBC):
Comprendo textos cortos, sencillos e ilustrados sobre temas cotidianos, personales y literarios.
Comprendo cuentos cortos o lo que me dice mi profesor en clase.
Participo en conversaciones cortas usando oraciones con estructuras predecibles.
Hablo de mí, de mis compañeros y de nuestras actividades cotidianas con oraciones simples, encadenadas lógicamente y a veces memorizadas. Aún se me dificulta
hablar de temas que se salen de mi rutina familiar o escolar.
Mi pronunciación es comprensible y hablo de manera lenta y pausada.
Escribo pequeños textos sencillos sobre temas de mi entorno.
COMPETENCIAS A DESARROLLAR
lingüística, pragmática y sociolingüística
Componentes y desempeños
Escucha | Lectura | Escritura | Monólogos | Conversación
Identifico los nombres de los personajes y los eventos principales de un cuento leído por el profesor y apoyado en imágenes, videos o cualquier tipo de material visual. (1)
Identifico la secuencia de las acciones y las asocio con los momentos del día, cuando alguien describe su rutina diaria. (1, 2, 3 | Comprende descripciones cortas sobre personas, lugares y acciones conocidas. (1, 2)


Reconozco, en un texto narrativo corto, aspectos como qué, quién, cuándo y dónde. (1, 2)


Utilizo el diccionario como apoyo a la comprensión de textos. | Escribo pequeñas historias que me imagino. (1, 2, 3)


Enlazo frases y oraciones usando conectores que expresan secuencia y adición. (1, 2) | Uso oraciones cortas para decir lo que puedo o no puedo hacer. (1, 2)


Expreso en una palabra o frase corta, cómo me siento. (1, 2) | Mantengo una conversación simple en inglés con un compañero	cuando desarrollo una actividad de aula. (1, 2)


Sigo y doy instrucciones básicas cuando participo en juegos conocidos. (1, 2)
Pregunta o situación problémica | DBA | Contenidos de Aprendizaje
Pregunta o situación problémica | DBA | Actitudinales | Conceptuales | Procedimentales
Unit 7


Which objects do you use at home every day? | Comprende la idea general y algunos detalles en un texto informativo, corto y sencillo sobre temas conocidos y de interés. (DBA 1, G 4°)


Pregunta y responde, de forma oral o escrita, interrogantes relacionados con el “quién, cuándo y dónde”, después de leer o escuchar un texto corto y sencillo siempre que el tema le sea conocido. (DBA 2, G 4°) | Respeta las opiniones y posiciones de sus compañeros en relación a temas de interés común. (DBA 3, G 4°)


Manifiesta respetuosamente sus opiniones. (DBA 3, G 4°)


Reconoce que sus acciones tienen consecuencias en los demás. (DBA 4, G 4°) | Unit 7


Cultural awareness


Learners can show an awareness of different cultures and attempt to identify similarities and differences between them through oral and written literary texts.



Oral interaction | Unit 7


Cultural awareness


Read the story ""The boy king"" and learn how to take a different perspective of things





Oral interaction
Unit 8
What do you know about space? | Intercambia opiniones sencillas sobre un tema de interés, a través de oraciones simples y conocidas. (DBA 3, G 4°)


Compara características básicas de personas, objetos y lugares de su escuela y comunidad, a través de oraciones simples. (DBA 4, G 4° | Learners can answer simple questions and initiate basic interaction when given opportunities. (Example: make an invitation, give a suggestion, etc.) Learners can describe simple, familiar situations and attempt to talk about experiences.


Learners attempt to use back- channeling to react appropriately to what others say about familiar topics in predictable, everyday situations and when carrying out pair work for a specific task in class. Learners attempt to ask questions to extend an interpersonal interaction


Reading


Learners attempt to make and support inferences using evidence from texts and features of written English (e.g., vocabulary, format, sequence, etc.) and attempt to apply other learning strategies in order to examine and interpret a variety of written materials.



Written Production


Learners can write short simple paragraphs to describe people, places, animals, things and feelings, with some support, while attempting | Play a guessing game definition of different words from the unit

Listen to the article and talk about how household objects were used for

After reading the story ""The boy king"" talk about why Tut didn't like the people who helped him

Choose a household object and talk about how it has changed through time












Reading


Read facts about Egypt and the story ""the boy king"" and act it out
Unit 9
What do you like cooking | to demonstrate an ability to effectively influence an audience and to express everyday activities.
Unit 8
Cultural awareness


Learners demonstrate an ability to work in pairs and small groups using level-appropriate verbal and nonverbal communication features and attempt to apply self-correcting and self-monitoring strategies in social and classroom interactions.

Oral interaction


Learners can record and attempt to identify key information from a spoken message of immediate need or interest when the message contains frequently used expressions and visual support. (Example: rules for a game, classroom instructions, a dialogue in a scene from a cartoon or movie, etc.) Learners attempt to use other classmate’s contributions in class as models for their own.


Learners can answer simple questions and initiate basic interaction when given opportunities. (Example: make an invitation, give a suggestion, etc.) Learners can describe simple, familiar situations and attempt to talk about past experiences. | Written Production


Write definitions for five different things and play a guessing game

Complete the chart with information about Ancient Egypt that you've read on the paragraph






Unit 8
Cultural awareness


Read the story ""The space blog"" and learn how to manage our owns emotions/Learn about an Italian Astronaut





Oral interaction


Listen to the chant and answer yes or no


After singing the song, act out instructions given
Reading


Learners can identify and attempt to use reading strategies to make written text more comprehensible and meaningful. Learners attempt to use everyday reference materials to select information appropriate to the purpose of an inquiry and to relate ideas from one written source to another.



Written Production


Learners attempt to use a range of digital tools during the writing process in order to collaborate on producing informational texts.




Unit 9



Cultural awareness


Learners demonstrate an ability to work in pairs and small groups using level-appropriate verbal and nonverbal communication features, and attempt to apply self-correcting and self-monitoring strategies in social and classroom interactions. | Using Past tense sentences, write a different ending to your story and share it with a friend

Report your space mission to a journalist using past tense
















Reading


Read the texts about space and astronauts and complete the missing information













Written Production
Oral interaction



Learners can grasp the main idea of spoken texts set in familiar everyday contexts and attempt to infer changes in the topic of discussion as well as who is speaking and what the situation is, without having to decode every word.



Learners attempt to use back channeling to react appropriately to what others say about familiar topics in predictable, everyday situations and when carrying out pair work for a specific task in class. Learners attempt to ask questions to extend an interpersonal interaction.



Reading


Learners attempt to make and support inferences using evidence from texts and features of written English (e.g., vocabulary, format, sequence, etc.) and attempt to apply other learning strategies in order to examine and interpret a variety of written materials


Written Production | Finish the sentences and write a different story in the past

Write the report from space you will read to the Earth's journalist



Unit 9



Cultural awareness


Read about a popular meal in the UK, compare it to the meals in your country

Read the story ""The Gingerbread Girl's adventure"" and talk about being passionate about what we do




Oral interaction


Watch the video and find new vocabulary words

Say the chant and identify who says it
Learners can write short simple paragraphs to describe people, places, animals, things and feelings, with some support, while attempting to demonstrate an ability to effectively influence an audience and to express everyday activities. | Talk about the ingredients of your recipe and decide if they come from animals or plants

Prepare and present a recipe for the cooking challenge and vote for the best




Reading


Read the texts with information about food and the story ""The Gingerbread Girl"" and complete the information









Written Production



Write two answers for each question using the tenses of ""make""

Write your recipe for the cooking challenge

---

Function Language | Vocabulary
Unit 7
-Past participles
Seen, found, driven, ridden, hunt, taken, broken Gone, left, tried, forgotten, put, stood, fallen, cut

-Be used for to
It was used for cooking food It was used to cook food Unit 8
-Will and going to
Spaceships will improve
Are you going to watch space movies?


-Review of past tenses
Ivan landed his rocket on the new planet
He was turning off his engine when he heard a strange noise


Unit 9
-It smells /tastes/ looks/ feels/ sounds like
I wanted to know what it tasted like It felt like dry grass
It smelled like carrot cake | Unit 7
-Things in the home
-Adjective to describes objects
-Sound and spelling: J spelling
Unit 8
-In space
-Adventure words
-Sounds and spelling: s + consonant(s)








Unit 9
-Mealtime and snacks
-Cooking
-Sounds and spelling: Sh
It looked like a nest
It sounded like someone playing an electric guitar


-Make somebody + adjective
The smells´making me hungry"
Idioma extranjero: inglés,5,I,"Function Language | Vocabulary
UNIT 1: In style
Comparative adjectives, adverbs, as…as
on the first site, the shoes were much more expensive. I took the t-shirt out of the box as quickly as I could
The simple present with future meaning
The bus leaves at 6:15 | UNIT 1: In style
Clothes
Parts of clothes
pronunciation : plural pronunciation of “s”
UNIT 2: Future technology
The first conditional
If my mom says it’s OK, then I’ll
go.
The zero and first conditional
if the floor is dirty, a robot drives around the clean
If I’m hungry, I’ll ask the freezer, “what ice cream do we have?” | UNIT 3: Jim-nastic
The passive (present simple)
Dog surfing competitions are organized by people all around the world
Modal verbs
Birch may have made a mistake.
This could be the most important point today | UNIT 2: Future technology
Technology Verbs for using computers
Pronunciation; syllable stress in two-syllable words | UNIT 3: Jim-nastic
Sports
Activities
Gas
People
equipment
pronunciation: contracted forms"
Idioma extranjero: inglés,5,II,"Function Language | Vocabulary
UNIT 4: Be careful
The present perfect with how long, for, since
I haven’t felt well for a week.
she had a problem with the heart since April
The present progressive for future plans
we’re talking her to the vet tonight. | UNIT 4: Be careful
Accidents and illnesses
Health and medicine
pronunciation: sentence stress
UNIT 5: Fun foods | UNIT 6: Environmentally friendly | UNIT 6 Environmentally friendly
Rather and prefer
I prefer carrots to broccoli
I’d rather have salmon
The passive (past simple)
the sandwich wasn’t made from
bread
It was made from two cookies and some ice | A lot of, lots of, a few, a little, many, much	MALLA CUR
There’s a lot of water from our town’s river
There are lots of fish living in the water
Many people don’t believe me.
My house doesn’t use much
electricity
There's a little milk in the fridge.
We only throw away a few bags each year
Tag questions
Everyone recycles a lot, don’t
they?
you couldn’t recycle, could you? | Cooking  ingredients  Cooking
RICULAR actions and equipment
pronunciation: verbs endings in the past | Home	F
The environment pronunciation: word stress."
Idioma extranjero: inglés,5,III,"Function Language
UNIT 7: feeling it
Don’t need to, have to, should, ought to
I have to wait until I'm older.
If your parents say you can’t have a snake, you should not get a snake without telling your parents!
you don’t need to worry if some of your ideas aren’t very good.
you ought to write about something you love.
Such … that / so … that
it’s so funny that my mom and I always laugh a lot! it’s such a relaxing place that I once fell asleep there! | UNIT 7: feeling it
Feelings and emotions
Well being
Pronunciation: /b/ /v/ /w/
UNIT 8: pretty cities	MALLA CU
Indirect questions
Do you know how many paintings there are?
Used to / didn’t use to
They used to make the air very dirty.
Today the trains are electric, but they didn’t use to be | F
RRUINCIUT L8A: pRretty cities
A tour of a city
Visiting new places Pronunciation: intonation in questions
UNIT 9: Light, camera, action!
Causative have / get
mom’s having a special superhero cake made for me
The second conditional
If I had $250 million, I’d buy cameras and costumes for the actors | UNIT 9: Light, camera, action!
TV and movie genres
Television Pronunciation: word stress"
Idioma extranjero: inglés,6,I,"Function Language | Vocabulary
Welcome + Unit 1 – Having a Good Time Grammar:
Verb to be
Object pronouns
Have got
Like / I’d like
Present simple
Like + -ing
Adverbs of frequency
Prepositions of time/place

Communicative Functions:

Talking about myself and others.
Spelling names and places.
Talking about likes and dislikes.
Describing routines and daily activities.
Giving warnings and stating prohibition.
Socializing: greetings, introductions, and asking about interests.
Talking about classroom objects and rules. | Welcome + Unit 1 – Having a Good Time

Nationalities
Hobbies and free-time activities
Classroom objects and language
Days, dates, and times
Feelings and personal preferences
Collocations with have (e.g., have fun, have a party)
Unit 2 – Spending Money Grammar:
Present continuous
Stative verbs
Present simple vs. present continuous
How much / How many
Countable and uncountable nouns
Communicative Functions:
Describing what people are doing right now.
Buying clothes / Asking about prices.
Describing people and what they’re wearing.
Talking about preferences and opinions when shopping.
Making decisions based on empathy and needs. | Unit 2 – Spending Money
Clothes and accessories
Shops and shopping.
Common adjectives (e.g., big, cheap, comfortable).
Colors and styles.
Unit 3 – We Are What We Eat Grammar:
Countable and uncountable nouns
Quantifiers: some, any, much, many, a lot of, too, not enough
Expressions with have
Communicative Functions:
Talking about food preferences.
Ordering food at a restaurant.
Apologizing politely.
Describing what you eat and how healthy it is.
Comparing food habits. | Unit 3 – We Are What We Eat
Food and drinks
Meals and ingredients
Healthy and unhealthy food
Common verbs for eating (eat, drink, taste, order)
Expressions with have (have breakfast, have a snack)
Unit 4 – All in the Family Grammar:
Possessive adjectives and ’s
Whose…?
Was/were (past of to be)
Communicative Functions:
Talking about family members and relationships.
Asking for and giving permission.
Describing people’s appearance and personality.
Talking about past routines and family events.
Expressing feelings and emotions. | Unit 4 – All in the Family
Family members.
Personality traits and emotions.
Household objects and routines.
Words for comparisons (older, younger, more, less).
Feelings (happy, proud, sad, angry, etc.)"
Idioma extranjero: inglés,6,II,"Function Language | Vocabulary
UNIT 5 – NO PLACE LIKE HOME
Grammar

Past simple (regular and irregular verbs)
Time expressions with past simple
Past simple: affirmative, negative, and questions

Communicative Functions:

Talking about events in the past
Describing places, and past experiences
Asking and answering questions about holidays or routines. | Vocabulary

Parts of a house and furniture
Holiday activities and places
Phrasal verbs with look
Adjectives with -ed and -ing
UNIT 6 – FRIENDS FOREVER

Grammar

Past continuous
Past simple vs. past continuous
When / While clauses

Communicative Functions:

Talking about what people were doing at a specific time
Describing past events and situations
Expressing feelings in different situations | UNIT 6 – FRIENDS FOREVER

Vocabulary

Past time expressions
Personality adjectives
Emotions and reactions
Friendship-related actions and verbs
UNIT 7 – HELPING OUT

Grammar

Modals: should, must, don’t have to
Imperatives (positive and negative)
There is / There are (review for home contexts) | UNIT 7 – HELPING OUT

Vocabulary

Household chores and responsibilities
Family roles and help at home
Advice expressions and modal verbs
Communicative Functions:

Giving advice and making suggestions
Talking about responsibilities and house chores
Expressing obligation and lack of necessity
UNIT 8 – AMAZING GADGETS

Grammar:
Present simple (review)
Expressing opinions and reasons
Connectors: and, but, because
Function and Language:
Describing gadgets and their uses.
Giving opinions and preferences.
Comparing and recommending technological items. | UNIT 8 – AMAZING GADGETS
Vocabulary:
Gadgets and devices (tablet, headphones, smartwatch, etc.)
Technology verbs (charge, connect, download)
Opinion phrases and adjectives (useful, modern, expensive)"
Idioma extranjero: inglés,6,III,"Function Language | Vocabulary
UNIT 9: WILD AND WONDERFUL

Grammar

Comparative adjectives

Superlative adjectives

can / can’t for ability

Communicative functions:

Talking about the weather.

Developing speaking: giving compliments. | Vocabulary

Geographical features

The weather

WordWise: Phrases with with
UNIT 10: MAKE IT HAPPEN

Grammar:

be going to for intentions

Present continuous for future arrangements

Object pronouns

Communicative functions:

Making and responding to suggestions

Developing speaking: giving reasons | Vocabulary

Sports and activities

Weekend plans

WordWise: Phrases with go
UNIT 11: BODY AND MIND

Grammar

have to / don’t have to for obligation

should / shouldn’t for advice

Adverbs of manner


Communicative functions:

Talking about health and rules

Developing speaking: giving advice | Vocabulary

Parts of the body

Illnesses and health habits

WordWise: Phrases with have
UNIT 12: GOING PLACES

Grammar

will / won’t for predictions

Future time expressions

Revision of comparatives and superlatives


Function and Language

Talking about future possibilities

Developing speaking: discussing options | Vocabulary

Holiday destinations

Travel and transport

WordWise: Phrases with get"
Idioma extranjero: inglés,7,I,"Function Language | Vocabulary
Unit 1: Sport for all 

Grammar:

Adverbs of frequency
Gerunds


Communicative functions:

Talking about sports preferences and activities
Giving reasons and expressing opinions
Describing routines and current activities
Preparing and delivering short spoken explanations
Offering encouragement and suggestions | Vocabulary:

Sports
Sports equipment
Sports places and facilities
People involved in sports
Sports-related activities and expressions
Unit 2: Friends Forever 

Grammar:

Comparatives and superlatives
Adverbs of degree
Question tags
Prepositional questions



Communicative functions:

Describing and comparing people
Talking about personality and friendship
Expressing opinions about relationships
Giving and supporting opinions
Presenting ideas about friendship
Asking and responding to questions in conversations | Vocabulary:

Personality adjectives
Friendship vocabulary
Verb phrases related to friendship
Expressions for describing relationships
Words and expressions for expressing opinions
UNIT #3:Getting Around Town 

Grammar:

Present simple for future meaning
Imperative structures



Communicative Functions: | Vocabulary:

Transport
Movement and travel
Transport collocations
Places around town
Directions and route-related expressions
Vocabulary related to transportation apps and advertisements
Talking about transportation and movement
Asking for information
Giving information about routes and transportation
Giving directions and instructions
Responding to a partner's opinions
Making polite requests
Checking and clarifying information"
Idioma extranjero: inglés,7,II,"Function Language | Vocabulary
UNIT #5: MUSIC TO MY EARS

Grammar in Unit #5:

Present perfect continuous

Present perfect vs. present perfect continuous


Communicative Functions:

Asking about feelings

Giving and responding to suggestions

Talking about experiences and musical activities | Vocabulary:

Making music

Musical instruments

Word Wise: Phrasal verbs with out (try out, help out, work out, etc.)
UNIT #6: NO PLANET B | Vocabulary:
Grammar in Unit #6:

Will (not), may (not), might (not) for prediction

First conditional

Unless in conditional sentences


Communicative Functions:

Expressing surprise and enthusiasm

Making predictions

Talking about environmental actions and consequences | The environment

Verbs to talk about energy (save, waste, generate, consume, etc.)

Climate and sustainability terms
UNIT #7: THE FUTURE IS NOW

Grammar:

Future forms (will, going to, present continuous)

Question tags

Nor, neither, so


Communicative Functions:

Checking and confirming information

Expressing agreement and disagreement

Talking about future plans and events | Vocabulary:

Future time expressions (soon, in a few years, eventually, etc.)

Organizing a party

Word Wise: Phrases with about (think about, worry about, talk about, etc.)
UNIT 8: SCIENCE AND US

Grammar:

Simple past vs. past continuous (review)

Used to

Second conditional

I wish


Communicative Functions:

Talking about past habits

Describing imaginary situations

Explaining scientific facts and discoveries | Vocabulary:

Direction and movement

Science and technology terms

Hypothetical and time-related expressions"
Idioma extranjero: inglés,7,III,"Function Language | Vocabulary
Unit 9 – Working Week

Grammar

Passive voice in:

Present simple

Past simple

Present continuous

Present perfect


Communicative Functions

Accepting and refusing offers and invitations

Role play: Inviting friends to join you | Jobs and occupations

Work expressions: work as / in / for

Work vs. job

Word Wise: Time expressions with in
MIND AND BODY
Grammar in unit # 10:

Past perfect | Vocabulary:
Time linkers
Illness: collocations
Linking expressions

Communicative functions:

Talking about your health
BREAKING NEWS
Grammar in unit # 11:
Reported statements
verb patterns: object + infinitive
Communicative functions:
Reporting what someone said
Expressing feelings: anger | Vocabulary:
Fun
More verbs with object + infinitive
Word wise: Expressions with make
RULES AND REGULATION
Grammar in unit # 12:
Be allowed to / let.
Third conditional

Communicative functions:

Talking about permissions
Following and giving simple instructions. | UNIT # 12: RULES AND REGULATION
Vocabulary:

Discipline
Consequences and reasons."
Idioma extranjero: inglés,8,I,"Function Language | Vocabulary
UNIT # 1: The right fit 


Grammar:

• Present simple and present continuous
• Stative verbs
• Adjective order 


Functions and Speaking:
• Describing clothes and outfits
• Talking about clothing preferences
• Giving reasons and justifying choices
• Giving encouragement and feedback
• Organising and structuring spoken responses | Vocabulary:
• Clothes
• Clothing adjectives
• Clothing styles and outfits
• Words and expressions for describing appearance
• Vocabulary for expressing preferences and giving reasons
UNIT #2: Free time 

Grammar:

• Past simple
• Past continuous
• Past perfect
• Adverbs of sequence

Functions and Speaking:

• Talking about past experiences
• Narrating past events
• Sequencing events
• Talking about leisure activities and media
• Giving opinions about free-time activities
• Giving a short presentation | Vocabulary:

Leisure activities
Hobbies and free-time activities
 Entertainment
 Media and digital entertainment
 Descriptive verbs
 Time expressions and periods
UNIT #3: THE NATURAL WORLD

Grammar:

• Present perfect
• Past simple
• Used to

Functions and Speaking:

• Talking about experiences and changes over time
• Asking and answering questions about nature
• Describing animals and landscapes
• Comparing past and present situations
• Expressing opinions about environmental issues
• Giving positive and constructive feedback | Vocabulary:
• Animals
• Landscapes and natural environments
• Environmental vocabulary
• Animal characteristics and adaptation
• Words for describing changes over time
• Vocabulary for asking questions and giving feedback"
Idioma extranjero: inglés,8,II,"Function Language | Vocabulary
UNIT # 5: Storytelling


Grammar:
Relative pronouns
Defining and non-defining relative clauses
Relative clauses with which


Functions and Speaking
- Telling a story. | Type of story
Elements of a story
UNIT # 6: That´s impossible


Grammar:
Present and past passive (review)
have something done
Future and present perfect passive.


Functions and Speaking
Talking about sequence.
Explaining how things are done. | Extreme adjectives and modifiers
Make and do
UNIT # 7: Breaking away


Grammar:
make / let and be allowed to
be / get used to


Functions and Speaking
Talking about permission.
Talking about habits.
Invitations.
Developing speaking: being more flexible
Role play: accepting or refusing invitations | Phrasal verbs (1)
Personality
Word Wise: Phrasal with all
UNIT # 8: Crime and punishment


Grammar:
Reported speech (review)
Reported questions, requests, and imperatives


Functions and Speaking
Giving and reacting to news.
Reporting what someone said, asked, or requested. | Crime
Reporting verbs"
Idioma extranjero: inglés,8,III,"Function Language | Vocabulary
UNIT # 9: it’s a mystery!


Grammar:
Modals of deduction (present)
should(n’t) have
Modals of deduction (past)


Functions and Speaking
- Making deductions. | Mysteries
Expressions with go
UNIT # 10: Money


Grammar:
Future continuous
Future perfect


Functions and Speaking
Talking about past events
Sympathizing
Developing speaking: talking about having or not having money | Money and value
Jobs and work
Word Wise: phrases with by
UNIT # 11: Emergency!


Grammar:
Verbs followed by gerund or infinitive
to / in order to / so and such


Functions and Speaking
Expressing purpose
Emphasizing | Danger and safety
Adjectives with negative prefixes
UNIT # 12: Life’s first


Grammar:
Phrasal verbs; I wish / If only + past perfect


Functions and Speaking
Expressing regret
Talking about fears | Phrasal verbs (2)
Nervousness and fear"
Idioma extranjero INGLÉS,9°,I,"S
Function Language | Vocabul ary
American Think 4. Cambridge:
How adventurous are you?
Learning from other cultures
3.	Developing independence
4.	Appreciating creative solutions



UNIT 1: SURVIVAL INSTINCT (page 4-12)
Grammar:
Verbs followed by infinitive or gerund
-Verbs which take gerund and infinitive with different meanings: remember, forget, regret, try, stop


Functions and Speaking
Issuing and accepting a challenge
Discussing situations and your emotional reactions to them | UNIT 1:
Verbs of movement
Adjectives to describe uncomfortable feelings

Word Wise: right
UNIT 2: ON THE ROAD (page 20- 29)
Grammar:
Relative clauses (review)
Which to refer to a whole clause
Omitting relative pronouns
Reduced relative clauses

Functions and Speaking | UNIT 2:
Groups of people
Phrasal verbs
Introducing information
Discussing Nomadic people
UNIT 3: GROWING UP (page 30-37)
Grammar:
Quantifiers
So and such (review)
Do and did for emphasis


Functions and Speaking
Emphasizing
Discussing sharenting | UNIT 3:
Costumes and uniforms
Bringing up children
UNIT 4: THE ART OF THINKING (page 38 - 47)
Grammar:
Be / get used to - vs- Used to (do)
Adverbs and adverbial phrases

Functions and Speaking
Expressing frustration
Guessing game to practice personality adjectives | UNIT 4:
Personality adjectives
Common adverbial phrases

Word Wise: good"
Idioma extranjero INGLÉS,9°,II,"Function Language | Vocabul ary
American Think 4. Cambridge:


5.Learning from elderly people
.. 6 . Doing good
7. What cheers me up
8. Lists





UNIT 5: TOO MUCH TECH? (page 48 – 55)
Grammar:
Obligation, permission and prohibition (review)
Necessity: I didn’t have to / didn’t need to
Ability in the past: (could, was/were able to, managed to, succeeded in)

Functions and Speaking
Advice and obligation
Talking about technology | UNIT 5:
Technology (nouns)
Technology (verbs)
UNIT 6: BETTER TOGETHER (page 56 - 65)
Grammar:
Comparatives
Linkers of contrast


Functions and Speaking
Using intensifying comparatives
Discussing community projects
Role play: The missing suitcase | UNIT 6:
Ways of speaking
Friendship idioms
UNIT 7: ROSE-TINTED GLASSES (page 66-73)
Grammar:
Ways of referring to the future (review)
Future continuous
Future perfect

Functions and Speaking
Cheering someone up
Silver lining game: thinking of optimistic solutions | UNIT 7:
Phrases to talk about the future: about to, off to, (period of time)away from
Feelings about the future events
Word Wise: so
UNIT 8: LIST IT! (page 74- 83)
Grammar:
Conditionals (review)
Mixed conditionals
Functions and Speaking
Saying “Yes” and adding conditions
Discussing wonders of the world | UNIT 8:
Phrasal verbs (2)
Alternatives to “if”: suppose, provided, as long as, otherwise, unless"
Idioma extranjero INGLÉS,9°,III,"S
Function Language | Vocabul ary
American Think 4. Cambridge:


Being diplomatic
News or not?
Who we are
Human activity and the natural world
UNIT 9: TAKE CHARGE (page 84-91)
Grammar:
I wish/if only
I would prefer to/ if it’s time, I’d rather /sooner


Functions and Speaking
Asking someone politely to change their behavior
Discussing further education and work experience | UNIT 9:
Life’s ups and downs
Work and education
UNIT 10: UNBELIEVABLE NEWS (page 92-101)
Grammar:
Reported speech (review)
Reported Questions and request | UNIT 10:
Sharing news
Reporting verbs
Functions and Speaking
Making a point
Introducing news
Interviewing a well-known person
Discussing the ethics of journalism | Word Wise: Expressions with way
UNIT 11: SHOOT FOR THE STARS (page 102-109)
Grammar:
Speculating (past, present and future)
Cause and effect linkers

Functions and Speaking
Sympathizing about past situations
Discussing life in space
Discussing films
​ | UNIT 11:
Space idioms
Adjectives commonly used to describe movies
UNIT 12: OFF THE BEATEN TRACK (page 110-119)
Grammar:
Passive report structures
The passive: verbs with two objects


Functions and Speaking
Speaking persuasively
Giving a presentation about human activity and the natural world | UNIT 12:
Geographical features
Verb + noun collocations"
Idioma extranjero INGLÉS,10°,I,"Function Language | Vocabular y
UNIT 1: FAMILY MATTERS (page 4-12)
Grammar:
Talking about habits
Adverbs to express attitude


Functions and Speaking
-Using emotive language
-Talking about problems with a brother or sister and giving advice on how to deal with these problems. | UNIT 1:
Personality (1)
Personal conflict
UNIT 2: SWEET DREAMS (page 20- 29)
Grammar:
Past tenses with hypothetical meaning
Adverbs for modifying comparatives
Functions and Speaking
Giving advice
Talking about dreams and what they mean to us | UNIT 2:
-Sleep
- Idioms with sleep and dream
UNIT 3: LUCK FOR SOME? (page 30-37)
Grammar:
Mixed conditionals (review)
Alternatives to if
Functions and Speaking | UNIT 3:
Phrasal verbs
Expressions with luck


WordWise: Expressions with over
Talking about luck
Giving encouragement to someone who’s feeling nervous
UNIT 4: HAVING A LAUGH (page 38 - 47)
Grammar:
Emphatic structures
Boosting

Functions and Speaking
Responding to jokes
Talking about funny things that happened | UNIT 4:
Laughter
Idioms with laugh and joke"
Idioma extranjero: inglés,10,II,"Function Language | Vocabular y
UNIT 5: WHAT A THRILL! (page 48 – 55)
Grammar:
Participle clauses
Verbs of perception with infinitive or gerund

Functions and Speaking
Discussing risky activities
Giving and reacting to an opinion | UNIT 5:
Thrill seeking
Idioms with hot and cold
UNIT 6: FAMOUS LIVES (page 56 - 65)
Grammar:
Modals 1: may, might, can, could, will, won’t
Modals 2: should, shouldn’t, must, mustn’t, can’t
Functions and Speaking
Complaining
Discussing sports teams | UNIT 6:
Admiration
Fame

WordWise: Expressions with take
UNIT 7: A THING OF BEAUTY? (page 66-73)
Grammar:
Substitution (the ones, so, that of, do)
Ellipsis

Functions and Speaking
Language of persuasion
Discussing beauty | UNIT 7:
Fads
Emotional responses
UNIT 8: CRACKING THE CODE (page 74- 83)
Grammar:
Relative clauses with determiners and prepositions
however, wherever, whatever, etc | UNIT 8:
Language and communication
Personality (2)
Functions and Speaking
Saying that you don’t understand or didn’t fully hear
Talking about language"
Idioma extranjero INGLÉS,10°,III,"Function Language | Vocabular y
UNIT 9: FAIRNESS MATTERS (page 84-91)
Grammar:
Negative inversión
Spoken discourse markers


Functions and Speaking
Discussing inequality
Talking imprecisely about numbers | UNIT 9:
Court cases
Fairness and equality



WordWise: Expressions with on
UNIT 10: LEARNING FOR LIFE (page 92-101)
Grammar:
Reported verb patterns (review)
Passive report structures | UNIT 10:
Higher education
Life after school
Hedging


Functions and Speaking
.- Reacting to news
Talking about higher education
UNIT 11: THE MODERN WORLD (page 102-109)
Grammar:
More on the passive
Causative have (review)
Modal passives (review)


Functions and Speaking
Telling someone to keep calm
Talking about 21st century problems | UNIT 11:
-(not) getting angry
- -isms
UNIT 12: CELEBRATING HEROES (page 110-119)
Grammar:
Future perfect;
Future continuous (review)
Future in the past


Functions and Speaking
Talking about things you’d intended to do but didn’t
Expressing anticipation | UNIT 12:
Awards
Success and failure


WordWise: Expressions with in"
Idioma extranjero: Inglés,11°,I,"Evolve 6 UNIT 1: Robot Revolution
Grammar and Functional Language | Vocabulary
Commenting adverbs with future forms
Future perfect and future continuous | Using adverbs to add detail
Talking about developments in technology
Evolve 6 UNIT 2: The labels we live by
Grammar and Functional Language | Vocabulary
Use of will
Use of would | Describing personality
Using three-word phrasal verbs
Evolve 6 UNIT 3: In Hindsight
Grammar and Functional Language | Vocabulary
Variation on past unreal conditionals
Commenting on the past | Thought processes
Describing emotional reactions
Evolve 6 UNIT 4: Close up
Grammar and Functional Language | Vocabulary
Quantifiers and prepositions in relative clauses
Noun clauses with questions words | Describing things
Eye idioms and metaphors
PERIODO 2
Nombre del área: Idioma extranjero: inglés | Grado: | 11HS: 7H
Objetivos para el grado:
Unit 5 Remote
Discuss traveling to remote places
Comment on loneliness and working in remote places
Discuss cause and effect
Write a company profile
Prepare and present a case for working remotely | Unit 6 Surprise, surprise
Discuss shocks and surprises
Talk about great upsets in sports and other contexts
Discuss the differences between local and global brands
Write a paragraph drawing for multiple sources
Prepare a surprise for somebody
Unit 7 Roots
Discuss the growing interest in DNA testing and genealogy
Talk about celebrations in your family and community
Share a story about visiting a place with special significance
Summarize information about a topic
Present a plan to promote a cultural celebration | Unit 8 Short
Discuss distractions and attention spans
Talk about instincts and gut reactions
Describe the best features and selling points of apps
Write presentation slides
Pitch a company, and idea, or a product to investors
Objetivo general:
Organizo y aplico en diferentes situaciones comunicativas un discurso integral en el que se reflejan mis preferencias y mis puntos de vista sobre fenómenos sociales, profesionales y culturales de mi entorno.


I organize and apply in different communicative situations a comprehensive discourse that reflects my preferences and viewpoints on social, professional, and cultural phenomena in my environment.
Estándares Básicos de Competencias (EBC):
Participo en conversaciones en las que puedo explicar mis opiniones e ideas sobre temas generales, personales y abstractos. Cuando me hablan sobre lo que hago en la escuela o en mi tiempo libre, comprendo las ideas generales si el lenguaje es claro.
puedo iniciar un tema de conversación y mantener la atención de mis interlocutores; cuando hablo, mi discurso es sencillo y coherente.
Aunque mi acento es extranjero, mi pronunciación es clara y adecuada.
Escribo textos que explican mis preferencias, decisiones y actuaciones.
trato temas generales, aunque recurro a estrategias para hablar de hechos y objetos cuyo nombre desconozco.
Manejo aceptablemente normas lingüísticas, con algunas interferencias de mi lengua materna.
Comprendo textos de diferentes tipos y fuentes sobre temas de interés general y académico.
Selecciono y aplico estrategias de lectura apropiadas para el texto y la tarea.
En interacciones con hablantes nativos de inglés reconozco elementos propios de su cultura y puedo explicarlos a mis compañeros
COMPETENCIAS A DESARROLLAR
Lingüística, Pragmática y Sociolingüística
Componentes y desempeños
Escucha | Lectura | Escritura | Monólogos | Conversación
Me apoyo en el lenguaje corporal y gestual del hablante para comprender mejor lo que dice. 3
Utilizo las imágenes e información	del contexto de habla para comprender mejor lo que escucho. 3 | En un texto identifico los elementos que me permiten apreciar los valores de la cultura angloparlante. 2, 3
Comprendo variedad de textos informativos provenientes	de diferentes fuentes. 2 | Valoro la escritura como un medio de expresión de mis ideas y pensamientos, quién soy y qué sé del mundo.
Escribo textos a través de los cuales explico mis	preferencias, decisiones		o
actuaciones. 1, 2
Escribo textos expositivos sobre temas de mi interés. 1, 2 | Sustento mis opiniones, planes y proyectos. 2
Uso estrategias como el parafraseo	para compensar dificultades en la comunicación. 2
Opino sobre los estilos de vida de la gente de otras		culturas, apoyándome en textos escritos	y		orales previamente estudiados. 2, 3 | Describo en forma oral mis ambiciones, sueños y esperanzas utilizando un lenguaje claro y sencillo. 1, 2
Uso lenguaje funcional para	discutir
alternativas, hacer recomendaciones y negociar acuerdos en debates preparados con anterioridad. 2
Utilizo estrategias que me permiten iniciar, mantener y cerrar una conversación sencilla sobre  temas  de  mi
interés, de una forma natural. 1, 2
Pregunta o situación problémica | DBA | Contenidos de Aprendizaje
Pregunta o situación problémica | DBA | Actitudinales | Conceptuales | Procedimentales
Unit 5 Remote
What movies, books, shows, or real-life stories do you know in which people live in some type of isolation? How do they handle it? Is isolation a choice or an accident?


Unit 6 Surprise, surprise
Are you a fan of surprises? What kinds of surprises do you really not like? Would you say that you are a spontaneous person who is open to the unexpected, or do you usually have everything planned? | Identifies the purpose of medium length oral and written texts related to topics of general and academic interest and shares it with others (DBA 1)
Explains orally and in written forms the causes and effects as well as the problem and the solution of a situation (DBA 2)
Identifies opinions of the author in oral and written texts related to his/her school environment (DBA 3)
Writes opinion texts about academic topics using a clear and simple structure (DBA4)
Expresses his/her position on a familiar topic in written and oral form, taking into consideration	his/her audience (DBA5)
Expresses orally his/her point of view about a controversial	subject previously studied (DBA6)
Maintains	previously prepared formal discussions about academic topics (DBA 7)
Narrates	personal experiences or familiar stories in oral or written form (DBA 8) | Valora y respeta la opinión de los demás.
(Currículo sugerido 11)


Asume una posición crítica ante	temas
académicos o sociales de interés. (Currículo sugerido 11)


Se interesa por el bien común. (Currículo sugerido 11) | Comprendo textos, audios y conversaciones identificando claramente la posición del autor (DBA 3 G 11)


Preparo	debates organizados y formales en los cuales demuestro conocimiento acerca de un tema específico para aprender cómo convencer al oponente y concluir un debate. (DBA 1, 2, 3, 4 G 11)


Explico y justifico mis opiniones defendiendo mi punto de vista. (DBA 1, 2, 3,
4 G 11) | Produzco diferentes tipos de textos sobre temas de mi interés (DBA 4, G 11)


Participo en debates organizados y formales en los cuales	demuestro conocimiento acerca de un tema específico para aprender cómo convencer al oponente y concluir un debate. (DBA 1, 2, 3, 4 G 11)


Presento párrafos coherentes de mediana extensión, teniendo en cuenta elementos formales del lenguaje como ortografía y puntuación. (DBA , 4, G 11)
Unit 7 Roots | Identifies the purpose of medium length oral and written texts related to topics of general and academic interest and shares it with others (DBA 1)
Explains orally and in written forms the causes and effects as well as the problem and the solution of a situation (DBA 2)
Identifies opinions of the author in oral and written texts related to his/her school environment (DBA 3)
Writes opinion texts about academic topics using a clear and simple structure (DBA4)
Expresses his/her position on a familiar topic in written and oral form, taking into consideration	his/her audience (DBA5)
Expresses orally his/her point of view about a controversial	subject previously studied (DBA6)
Maintains	previously prepared formal discussions about academic topics (DBA 7)
Narrates	personal experiences or familiar stories in oral or written form (DBA 8)
How many generations of your family come from the same area? If not, where do or did they come from? How many generations of your family have you met? How much family history do you know? | Identifies the purpose of medium length oral and written texts related to topics of general and academic interest and shares it with others (DBA 1)
Explains orally and in written forms the causes and effects as well as the problem and the solution of a situation (DBA 2)
Identifies opinions of the author in oral and written texts related to his/her school environment (DBA 3)
Writes opinion texts about academic topics using a clear and simple structure (DBA4)
Expresses his/her position on a familiar topic in written and oral form, taking into consideration	his/her audience (DBA5)
Expresses orally his/her point of view about a controversial	subject previously studied (DBA6)
Maintains	previously prepared formal discussions about academic topics (DBA 7)
Narrates	personal experiences or familiar stories in oral or written form (DBA 8)
Unit 8 Short | Identifies the purpose of medium length oral and written texts related to topics of general and academic interest and shares it with others (DBA 1)
Explains orally and in written forms the causes and effects as well as the problem and the solution of a situation (DBA 2)
Identifies opinions of the author in oral and written texts related to his/her school environment (DBA 3)
Writes opinion texts about academic topics using a clear and simple structure (DBA4)
Expresses his/her position on a familiar topic in written and oral form, taking into consideration	his/her audience (DBA5)
Expresses orally his/her point of view about a controversial	subject previously studied (DBA6)
Maintains	previously prepared formal discussions about academic topics (DBA 7)
Narrates	personal experiences or familiar stories in oral or written form (DBA 8)
How long can you stay focused on an activity if it’s something you want to do? How about if you don’t want to do it? | Identifies the purpose of medium length oral and written texts related to topics of general and academic interest and shares it with others (DBA 1)
Explains orally and in written forms the causes and effects as well as the problem and the solution of a situation (DBA 2)
Identifies opinions of the author in oral and written texts related to his/her school environment (DBA 3)
Writes opinion texts about academic topics using a clear and simple structure (DBA4)
Expresses his/her position on a familiar topic in written and oral form, taking into consideration	his/her audience (DBA5)
Expresses orally his/her point of view about a controversial	subject previously studied (DBA6)
Maintains	previously prepared formal discussions about academic topics (DBA 7)
Narrates	personal experiences or familiar stories in oral or written form (DBA 8)

---

Evolve 6 UNIT 5: Remote
Grammar and Functional Language | Vocabulary
Participle phrases in initial position
Reduced relative clauses | Describing remote places
Talking about influences
Evolve 6 UNIT 6: Surprise, surprise
Grammar and Functional Language | Vocabulary
Clefts
Questions words with ever | Using adverbs to add attitude
Using the prefixes under and over
Evolve 6 UNIT 7: Roots
Grammar and Functional Language | Vocabulary
Negative and limiting adverbials
Fronting adverbials | Talking about ancestry
Talking about customs and traditions
Evolve 6 UNIT 8: Short
Grammar and Functional Language | Vocabulary
Phrases with get
Phrases with as | Talking about attention and distraction
Expressions with get
PERIODO 3
Nombre del área: Idioma extranjero: inglés | Grado: | 11°	HS: 7H
Objetivos para el grado:
Unit 9 Health vs Modern life
Discuss the effect of a sedentary lifestyle
Suggest ways to establish good sleep habits
Ask and reflect probing questions
Write about a clean water initiative and how it works
Present and explain choice that you have made for other people | Unit 10 Reinvention


Talking about future food options and how likely they are
Discuss new ways to use natural energy sources
Discuss the advantage of rethinking daily habits
Write a summary of a discussion about the new economy
Present and evaluate an idea for reinventing pet ownership
Unit 11 True Colors
Discuss the importance of color for businesses
Talk about color expression and their meaning
Respond to questions in different ways
Write a short opinion essay
Create a flag for a specific group | Unit 12 Things change
Answer job interview questions about change
Talk about places that have changed drastically
Tell a story that you heard from someone else
Write a review of a movie or a book
Create a structured story from pictures.
Estándares Básicos de Competencias (EBC):
Participo en conversaciones en las que puedo explicar mis opiniones e ideas sobre temas generales, personales y abstractos. Cuando me hablan sobre lo que hago en la escuela o en mi tiempo libre, comprendo las ideas generales si el lenguaje es claro.
puedo iniciar un tema de conversación y mantener la atención de mis interlocutores; cuando hablo, mi discurso es sencillo y coherente.
Aunque mi acento es extranjero, mi pronunciación es clara y adecuada.
Escribo textos que explican mis preferencias, decisiones y actuaciones.
trato temas generales, aunque recurro a estrategias para hablar de hechos y objetos cuyo nombre desconozco.
Manejo aceptablemente normas lingüísticas, con algunas interferencias de mi lengua materna.
Comprendo textos de diferentes tipos y fuentes sobre temas de interés general y académico.
Selecciono y aplico estrategias de lectura apropiadas para el texto y la tarea.
En interacciones con hablantes nativos de inglés reconozco elementos propios de su cultura y puedo explicarlos a mis compañeros
COMPETENCIAS A DESARROLLAR
Lingüística, Pragmática y Sociolingüística
Componentes y desempeños
Escucha | Lectura | Escritura | Monólogos | Conversación
Entiendo instrucciones para ejecutar acciones cotidianas. 1, 2
Identifico la idea principal de un texto oral cuando tengo conocimiento previo del tema. 2
Identifico conectores en una situación de habla	para
comprender su sentido. 1, 2
Identifico personas, situaciones, lugares y el tema	en
conversaciones sencillas. 2, 3
Identifico el propósito de un texto oral. 2
Muestro una actitud respetuosa y tolerante cuando escucho a otros. | Identifico palabras clave dentro del texto que me permiten comprender su sentido general. 1, 2
Identifico el punto de vista del autor. 2
Asumo una posición crítica frente al punto de vista del autor.
Identifico los valores de otras culturas y eso me permite construir mi interpretación de su identidad.
Valoro la lectura como un medio para adquirir información	de diferentes disciplinas que amplían mi conocimiento. | Estructuro mis textos teniendo en cuenta elementos formales del lenguaje como la puntuación,	la ortografía, la sintaxis, la coherencia y la cohesión. 1, 2
Planeo, reviso y edito mis escritos con la ayuda de mis compañeros y del profesor. 1, 2
Expreso valores de mi cultura a través de los textos que escribo. 2, 3
Escribo diferentes tipos de textos de mediana longitud y con una estructura    sencilla
(cartas,	notas,
mensajes,	correos electrónicos, etc.). 1, 2,
3 | Narro en forma detallada experiencias, hechos o historias de mi interés y del interés de mi audiencia. 1, 2
Hago presentaciones orales sobre temas de mi	interés	y relacionados con el currículo escolar. 2, 3
Utilizo un vocabulario apropiado	para expresar mis ideas con claridad sobre temas del currículo y de mi interés. 1, 2
Puedo expresarme con la seguridad y confianza propios de mi personalidad.
Utilizo	elementos metalingüísticos como gestos y entonación para hacer más comprensible lo que digo. 2, 3 | Participo espontáneamente en conversaciones sobre temas de mi interés utilizando un lenguaje claro y sencillo. 1, 2
Respondo preguntas teniendo en cuenta a mi interlocutor y el contexto. 1, 2
Utilizo	una
pronunciación inteligible para lograr una	comunicación efectiva. 1, 3
Uso mis conocimientos previos para participar en una conversación.
Describo en forma oral mis ambiciones, sueños y esperanzas utilizando un lenguaje claro y sencillo. 1, 2
Pregunta o situación problémica | DBA | Contenidos de Aprendizaje
Pregunta o situación problémica | DBA | Actitudinales | Conceptuales | Procedimentales
Unit 9 Health vs Modern Life
What advice would you give for enjoying city life and staying healthy?
Unit 10 Reinvention
What things do you think will be	dramatically reimagined in the next 10 to 20 years?


Unit 11 True Colors
Think of a group that you belong to. How do the members show their connection to the group?
Does the way you show | Identifies the purpose of medium length oral and written texts related to topics of general and academic interest and shares it with others (DBA 1)
Explains orally and in written forms the causes and effects as well as the problem and the solution of a situation (DBA 2)
Identifies opinions of the author in oral and written texts related to his/her school environment (DBA 3)
Writes opinion texts about academic topics using a | Valora y respeta la opinión de los demás.
(Currículo sugerido 11)


Asume una posición crítica ante	temas
académicos o sociales de interés. (Currículo sugerido 11)


Se interesa por el bien común. (Currículo sugerido 11) | Identifico los pasos a seguir para cumplir objetivos siempre que se haya estudiado con anterioridad. (DBA 5, G 11)


Reconoce la importancia de participar en discusiones formales de temas de su interés. (DBA 6, G 11)


Comprendo la complejidad de las estructuras gramaticales en función de lo que deseo expresar (DBA 2.3.4, G 11) | Produzco textos con la finalidad de explicar mi puntos de vista y defenderlo. (DBA 5, G 11)


Converso en lenguaje formal o informal debates y discusiones	haciendo contrastes en tiempos verbales. (DBA 6, G 11)


Organizo párrafos coherentes cortos, teniendo en cuenta elementos formales del lenguaje como ortografía y puntuación para expresar mi

---

Evolve 6 UNIT 9: Health vs Modern life
Grammar and Functional Language | Vocabulary
Referencing
Continuous infinitives | Discussing health issues
Discussing lack of sleep
Evolve 6 UNIT 10: Reinvention
Grammar and Functional Language | Vocabulary
Simple past for unreal situations
It constructions | Discussing global food issues
Discussing global energy issues
Evolve 6 UNIT 11: True colors
Grammar and Functional Language | Vocabulary
Subject – verb agreement
Articles | Describing color associations
Color expressions
Evolve 6 UNIT 12: Things change
Grammar and Functional Language | Vocabulary
The present subjunctive
Perfect infinitive | Talking about change
Describing Change"
